game_id,club_id,own_goals,own_position,own_manager_name,opponent_id,opponent_goals,opponent_position,opponent_manager_name,hosting,is_win
1026846,3449,2,,Óscar Tabárez,3589,1,,Jung-moo Huh,Home,1
1026846,3589,1,,Jung-moo Huh,3449,2,,Óscar Tabárez,Away,0
1026847,3437,3,,Diego Maradona,6303,1,,Javier Aguirre,Home,1
1026847,6303,1,,Javier Aguirre,3437,3,,Diego Maradona,Away,0
1027001,3441,2,,Milovan Rajevac,3505,1,,Bob Bradley,Away,1
1027001,3505,1,,Bob Bradley,3441,2,,Milovan Rajevac,Home,0
1027002,3262,4,,Joachim Löw,3299,1,,Fabio Capello,Home,1
1027002,3299,1,,Fabio Capello,3262,4,,Joachim Löw,Away,0
1027048,3379,2,,Bert van Marwijk,3503,1,,Vladimír Weiss,Home,1
1027048,3503,1,,Vladimír Weiss,3379,2,,Bert van Marwijk,Away,0
1027049,3435,3,,Takeshi Okada,3581,5,,Gerardo Martino,Away,0
1027049,3581,5,,Gerardo Martino,3435,3,,Takeshi Okada,Home,1
1027635,3439,3,,Dunga,3700,0,,Marcelo Bielsa,Home,1
1027635,3700,0,,Marcelo Bielsa,3439,3,,Dunga,Away,0
1027636,3300,0,,Carlos Queiroz,3375,1,,Vicente del Bosque,Away,0
1027636,3375,1,,Vicente del Bosque,3300,0,,Carlos Queiroz,Home,1
1027723,3441,3,,Milovan Rajevac,3449,5,,Óscar Tabárez,Away,0
1027723,3449,5,,Óscar Tabárez,3441,3,,Milovan Rajevac,Home,1
1027750,3262,4,,Joachim Löw,3437,0,,Diego Maradona,Away,1
1027750,3437,0,,Diego Maradona,3262,4,,Joachim Löw,Home,0
1028533,3379,2,,Bert van Marwijk,3439,1,,Dunga,Home,1
1028533,3439,1,,Dunga,3379,2,,Bert van Marwijk,Away,0
1028686,3375,1,,Vicente del Bosque,3581,0,,Gerardo Martino,Away,1
1028686,3581,0,,Gerardo Martino,3375,1,,Vicente del Bosque,Home,0
1029770,3379,3,,Bert van Marwijk,3449,2,,Óscar Tabárez,Away,1
1029770,3449,2,,Óscar Tabárez,3379,3,,Bert van Marwijk,Home,0
1029789,3262,0,,Joachim Löw,3375,1,,Vicente del Bosque,Home,0
1029789,3375,1,,Vicente del Bosque,3262,0,,Joachim Löw,Away,1
1030710,3375,1,,Vicente del Bosque,3379,0,,Bert van Marwijk,Away,1
1030710,3379,0,,Bert van Marwijk,3375,1,,Vicente del Bosque,Home,0
1030711,3262,3,,Joachim Löw,3449,2,,Óscar Tabárez,Away,1
1030711,3449,2,,Óscar Tabárez,3262,3,,Joachim Löw,Home,0
1126203,3379,1,,Marco van Basten,23380,0,,Ilija Petkovic,Away,1
1126203,23380,0,,Ilija Petkovic,3379,1,,Marco van Basten,Home,0
1126204,3437,6,,José Néstor Pekerman,23380,0,,Ilija Petkovic,Home,1
1126204,23380,0,,Ilija Petkovic,3437,6,,José Néstor Pekerman,Away,0
1126205,3591,3,,Henri Michel,23380,2,,Ilija Petkovic,Home,1
1126205,23380,2,,Ilija Petkovic,3591,3,,Henri Michel,Away,0
1168992,3378,1,,Fernando Santos,3442,1,,Franciszek Smuda,Away,0
1168992,3442,1,,Franciszek Smuda,3378,1,,Fernando Santos,Home,0
1168993,3445,1,,Michal Bilek,3448,4,,Dick Advocaat,Away,0
1168993,3448,4,,Dick Advocaat,3445,1,,Michal Bilek,Home,1
1168994,3378,1,,Fernando Santos,3445,2,,Michal Bilek,Home,0
1168994,3445,2,,Michal Bilek,3378,1,,Fernando Santos,Away,1
1168995,3442,1,,Franciszek Smuda,3448,1,,Dick Advocaat,Home,0
1168995,3448,1,,Dick Advocaat,3442,1,,Franciszek Smuda,Away,0
1168996,3378,1,,Fernando Santos,3448,0,,Dick Advocaat,Home,1
1168996,3448,0,,Dick Advocaat,3378,1,,Fernando Santos,Away,0
1168997,3442,0,,Franciszek Smuda,3445,1,,Michal Bilek,Away,0
1168997,3445,1,,Michal Bilek,3442,0,,Franciszek Smuda,Home,1
1168998,3379,0,,Bert van Marwijk,3436,1,,Morten Olsen,Home,0
1168998,3436,1,,Morten Olsen,3379,0,,Bert van Marwijk,Away,1
1168999,3262,1,,Joachim Löw,3300,0,,Paulo Bento,Home,1
1168999,3300,0,,Paulo Bento,3262,1,,Joachim Löw,Away,0
1169000,3262,2,,Joachim Löw,3379,1,,Bert van Marwijk,Away,1
1169000,3379,1,,Bert van Marwijk,3262,2,,Joachim Löw,Home,0
1169001,3300,3,,Paulo Bento,3436,2,,Morten Olsen,Away,1
1169001,3436,2,,Morten Olsen,3300,3,,Paulo Bento,Home,0
1169002,3300,2,,Paulo Bento,3379,1,,Bert van Marwijk,Home,1
1169002,3379,1,,Bert van Marwijk,3300,2,,Paulo Bento,Away,0
1169003,3262,2,,Joachim Löw,3436,1,,Morten Olsen,Away,1
1169003,3436,1,,Morten Olsen,3262,2,,Joachim Löw,Home,0
1169004,3375,1,,Vicente del Bosque,3376,1,,Cesare Prandelli,Home,0
1169004,3376,1,,Cesare Prandelli,3375,1,,Vicente del Bosque,Away,0
1169005,3509,1,,Giovanni Trapattoni,3556,3,,Slaven Bilic,Home,0
1169005,3556,3,,Slaven Bilic,3509,1,,Giovanni Trapattoni,Away,1
1169006,3376,1,,Cesare Prandelli,3556,1,,Slaven Bilic,Home,0
1169006,3556,1,,Slaven Bilic,3376,1,,Cesare Prandelli,Away,0
1169007,3375,4,,Vicente del Bosque,3509,0,,Giovanni Trapattoni,Home,1
1169007,3509,0,,Giovanni Trapattoni,3375,4,,Vicente del Bosque,Away,0
1169008,3375,1,,Vicente del Bosque,3556,0,,Slaven Bilic,Away,1
1169008,3556,0,,Slaven Bilic,3375,1,,Vicente del Bosque,Home,0
1169009,3376,2,,Cesare Prandelli,3509,0,,Giovanni Trapattoni,Home,1
1169009,3509,0,,Giovanni Trapattoni,3376,2,,Cesare Prandelli,Away,0
1169010,3299,1,,Roy Hodgson,3377,1,,Laurent Blanc,Away,0
1169010,3377,1,,Laurent Blanc,3299,1,,Roy Hodgson,Home,0
1169011,3557,1,,Erik Hamrén,3699,2,,Oleg Blokhin,Away,0
1169011,3699,2,,Oleg Blokhin,3557,1,,Erik Hamrén,Home,1
1169012,3299,3,,Roy Hodgson,3557,2,,Erik Hamrén,Away,1
1169012,3557,2,,Erik Hamrén,3299,3,,Roy Hodgson,Home,0
1169013,3377,2,,Laurent Blanc,3699,0,,Oleg Blokhin,Away,1
1169013,3699,0,,Oleg Blokhin,3377,2,,Laurent Blanc,Home,0
1169014,3377,0,,Laurent Blanc,3557,2,,Erik Hamrén,Away,0
1169014,3557,2,,Erik Hamrén,3377,0,,Laurent Blanc,Home,1
1169015,3299,1,,Roy Hodgson,3699,0,,Oleg Blokhin,Home,1
1169015,3699,0,,Oleg Blokhin,3299,1,,Roy Hodgson,Away,0
2211607,383,4,,Dick Advocaat,610,2,,Frank de Boer,Home,1
2211607,610,2,,Frank de Boer,383,4,,Dick Advocaat,Away,0
2218677,506,4,,Massimo Carrera,6195,2,,Walter Mazzarri,Home,1
2218677,6195,2,,Walter Mazzarri,506,4,,Massimo Carrera,Away,0
2219366,3300,1,,Paulo Bento,3445,0,,Michal Bilek,Away,1
2219366,3445,0,,Michal Bilek,3300,1,,Paulo Bento,Home,0
2219367,3262,4,,Joachim Löw,3378,2,,Fernando Santos,Home,1
2219367,3378,2,,Fernando Santos,3262,4,,Joachim Löw,Away,0
2219615,3375,2,,Vicente del Bosque,3377,0,,Laurent Blanc,Home,1
2219615,3377,0,,Laurent Blanc,3375,2,,Vicente del Bosque,Away,0
2219616,3299,2,,Roy Hodgson,3376,4,,Cesare Prandelli,Home,0
2219616,3376,4,,Cesare Prandelli,3299,2,,Roy Hodgson,Away,1
2219794,58,3,,John van den Brom,498,2,,Peter Maes,Home,1
2219794,498,2,,Peter Maes,58,3,,John van den Brom,Away,0
2219795,13,4,,Diego Simeone,631,1,,Roberto Di Matteo,Away,1
2219795,631,1,,Roberto Di Matteo,13,4,,Diego Simeone,Home,0
2221241,3300,2,,Paulo Bento,3375,4,,Vicente del Bosque,Home,0
2221241,3375,4,,Vicente del Bosque,3300,2,,Paulo Bento,Away,1
2221626,3262,1,,Joachim Löw,3376,2,,Cesare Prandelli,Home,0
2221626,3376,2,,Cesare Prandelli,3262,1,,Joachim Löw,Away,1
2221641,42,6,,Mirko Slomka,1203,1,,Michael Wittwer,Away,1
2221641,1203,1,,Michael Wittwer,42,6,,Mirko Slomka,Home,0
2221746,293,2,,Benno Möhlmann,2589,1,,Rüdiger Rehm,Away,1
2221746,2589,1,,Rüdiger Rehm,293,2,,Benno Möhlmann,Home,0
2221747,52,1,,Oliver Reck,440,0,,Sven Köhler,Away,1
2221747,440,0,,Sven Köhler,52,1,,Oliver Reck,Home,0
2221748,44,1,,Jos Luhukay,158,2,,Ronny Borchers,Away,0
2221748,158,2,,Ronny Borchers,44,1,,Jos Luhukay,Home,1
2221749,16,3,,Jürgen Klopp,115,0,,Peter Moussalli,Away,1
2221749,115,0,,Peter Moussalli,16,3,,Jürgen Klopp,Home,0
2221750,80,2,,Andreas Bergmann,2036,0,,Frank Schmidt,Away,1
2221750,2036,0,,Frank Schmidt,80,2,,Andreas Bergmann,Home,0
2221751,60,2,,Christian Streich,431,1,,Lutz Göttling,Away,1
2221751,431,1,,Lutz Göttling,60,2,,Christian Streich,Home,0
2221752,3,2,,Holger Stanislawski,66,1,,Claus Schromm,Away,1
2221752,66,1,,Claus Schromm,3,2,,Holger Stanislawski,Home,0
2221753,79,5,,Bruno Labbadia,2652,0,,Frank Rohde,Away,1
2221753,2652,0,,Frank Rohde,79,5,,Bruno Labbadia,Home,0
2221754,41,2,,Thorsten Fink,48,4,,Markus Kauczinski,Away,0
2221754,48,4,,Markus Kauczinski,41,2,,Thorsten Fink,Home,1
2221755,83,3,,Ralph Hasenhüttl,4795,0,,Tomas Oral,Home,1
2221755,4795,0,,Tomas Oral,83,3,,Ralph Hasenhüttl,Away,0
2221756,35,3,,André Schubert,5280,0,,Arnold Brunner,Away,1
2221756,5280,0,,Arnold Brunner,35,3,,André Schubert,Home,0
2221757,10,3,,Stefan Krämer,127,1,,Stephan Schmidt,Home,1
2221757,127,1,,Stephan Schmidt,10,3,,Stefan Krämer,Away,0
2221758,82,5,,Felix Magath,546,0,,Axel Giere,Away,1
2221758,546,0,,Axel Giere,82,5,,Felix Magath,Home,0
2221759,27,4,,Jupp Heynckes,109,0,,Oscar Corrochano,Away,1
2221759,109,0,,Oscar Corrochano,27,4,,Jupp Heynckes,Home,0
2221760,15,4,,Sascha Lewandowski,113,0,,Petrik Sander,Away,1
2221760,113,0,,Petrik Sander,15,4,,Sascha Lewandowski,Home,0
2221761,39,4,,Thomas Tuchel,10589,0,,Thomas Esch,Away,1
2221761,10589,0,,Thomas Esch,39,4,,Thomas Tuchel,Home,0
2221762,533,0,,Markus Babbel,584,4,,Jens Härtel,Away,0
2221762,584,4,,Jens Härtel,533,0,,Markus Babbel,Home,1
2221763,86,2,,Thomas Schaaf,91,4,,Pavel Dotchev,Away,0
2221763,91,4,,Pavel Dotchev,86,2,,Thomas Schaaf,Home,1
2221764,65,0,,Mike Büskens,107,2,,Arie van Lent,Away,0
2221764,107,2,,Arie van Lent,65,0,,Mike Büskens,Home,1
2221765,24,0,,Armin Veh,94,3,,Karsten Baumann,Away,0
2221765,94,3,,Karsten Baumann,24,0,,Armin Veh,Home,1
2221766,38,1,,Norbert Meier,110,0,,Georgi Donkov,Away,1
2221766,110,0,,Georgi Donkov,38,1,,Norbert Meier,Home,0
2221767,21,0,,Gerd Schädlich,129,3,,Ralf Loose,Home,0
2221767,129,3,,Ralf Loose,21,0,,Gerd Schädlich,Away,1
2221768,8,0,,Ralf Aussem,18,2,,Lucien Favre,Home,0
2221768,18,2,,Lucien Favre,8,0,,Ralf Aussem,Away,1
2221769,96,0,,Christian Neidhart,167,2,,Markus Weinzierl,Home,0
2221769,167,2,,Markus Weinzierl,96,0,,Christian Neidhart,Away,1
2221770,56,0,,Waldemar Wrobel,89,1,,Uwe Neuhaus,Home,0
2221770,89,1,,Uwe Neuhaus,56,0,,Waldemar Wrobel,Away,1
2221771,4,2,,Dieter Hecking,476,3,,André Breitenreiter,Away,0
2221771,476,3,,André Breitenreiter,4,2,,Dieter Hecking,Home,1
2221772,25,0,,Rudi Bommer,254,3,,Gerd Dais,Away,0
2221772,254,3,,Gerd Dais,25,0,,Rudi Bommer,Home,1
2221773,23,3,,Torsten Lieberknecht,78,0,,Ramazan Yildirim,Away,1
2221773,78,0,,Ramazan Yildirim,23,3,,Torsten Lieberknecht,Home,0
2221774,72,6,,Reiner Maurer,15171,0,,Marco Bäumer,Away,1
2221774,15171,0,,Marco Bäumer,72,6,,Reiner Maurer,Home,0
2221775,1,0,,Jürgen Luginger,33,5,,Huub Stevens,Home,0
2221775,33,5,,Huub Stevens,1,0,,Jürgen Luginger,Away,1
2221776,2,3,,Franco Foda,30,1,,Wolfgang Wolf,Away,1
2221776,30,1,,Wolfgang Wolf,2,3,,Franco Foda,Home,0
2222360,825,2,,Ersun Yanal,2578,0,,Steve Lomas,Home,1
2222360,2578,0,,Steve Lomas,825,2,,Ersun Yanal,Away,0
2222361,825,1,,Ersun Yanal,2578,1,,Steve Lomas,Away,0
2222361,2578,1,,Steve Lomas,825,1,,Ersun Yanal,Home,0
2222535,16,2,3,Jürgen Klopp,86,1,13,Thomas Schaaf,Home,1
2222535,86,1,13,Thomas Schaaf,16,2,3,Jürgen Klopp,Away,0
2222536,33,2,8,Huub Stevens,42,2,9,Mirko Slomka,Away,0
2222536,42,2,9,Mirko Slomka,33,2,8,Huub Stevens,Home,0
2222537,18,2,4,Lucien Favre,533,1,14,Markus Babbel,Home,1
2222537,533,1,14,Markus Babbel,18,2,4,Lucien Favre,Away,0
2222538,79,0,16,Bruno Labbadia,82,1,7,Felix Magath,Home,0
2222538,82,1,7,Felix Magath,79,0,16,Bruno Labbadia,Away,1
2222539,39,1,10,Thomas Tuchel,60,1,11,Christian Streich,Away,0
2222539,60,1,11,Christian Streich,39,1,10,Thomas Tuchel,Home,0
2222540,38,2,2,Norbert Meier,167,0,17,Markus Weinzierl,Away,1
2222540,167,0,17,Markus Weinzierl,38,2,2,Norbert Meier,Home,0
2222541,4,1,6,Dieter Hecking,41,0,15,Thorsten Fink,Away,1
2222541,41,0,15,Thorsten Fink,4,1,6,Dieter Hecking,Home,0
2222542,15,1,12,Sascha Lewandowski,24,2,5,Armin Veh,Away,0
2222542,24,2,5,Armin Veh,15,1,12,Sascha Lewandowski,Home,1
2222543,27,3,1,Jupp Heynckes,65,0,18,Mike Büskens,Away,1
2222543,65,0,18,Mike Büskens,27,3,1,Jupp Heynckes,Home,0
2222586,232,2,3,Unai Emery,2703,1,13,Vladimir Gazzaev,Away,1
2222586,2703,1,13,Vladimir Gazzaev,232,2,3,Unai Emery,Home,0
2222587,1083,0,15,Miodrag Bozovic,2410,1,6,Leonid Slutski,Away,0
2222587,2410,1,6,Leonid Slutski,1083,0,15,Miodrag Bozovic,Home,1
2222588,964,2,1,Luciano Spalletti,4128,0,16,Rustem Khuzin,Home,1
2222588,4128,0,16,Rustem Khuzin,964,2,1,Luciano Spalletti,Away,0
2222589,2439,1,11,Dan Petrescu,2700,2,4,Guus Hiddink,Away,0
2222589,2700,2,4,Guus Hiddink,2439,1,11,Dan Petrescu,Home,1
2222590,121,0,14,Sergey Silkin,12438,1,7,Gadzhi Gadzhiev,Away,0
2222590,12438,1,7,Gadzhi Gadzhiev,121,0,14,Sergey Silkin,Home,1
2222591,2698,1,12,Kurban Berdyev,16704,2,5,Slavoljub Muslin,Away,0
2222591,16704,2,5,Slavoljub Muslin,2698,1,12,Kurban Berdyev,Home,1
2222592,2696,1,8,Andrey Kobelev,3725,1,9,Stanislav Cherchesov,Home,0
2222592,3725,1,9,Stanislav Cherchesov,2696,1,8,Andrey Kobelev,Away,0
2222593,932,3,2,Slaven Bilic,11126,2,10,Fedor Shcherbachenko,Away,1
2222593,11126,2,10,Fedor Shcherbachenko,932,3,2,Slaven Bilic,Home,0
2222594,1083,0,15,Miodrag Bozovic,11126,3,10,Fedor Shcherbachenko,Away,0
2222594,11126,3,10,Fedor Shcherbachenko,1083,0,15,Miodrag Bozovic,Home,1
2222595,2700,1,3,Guus Hiddink,4128,0,12,Rustem Khuzin,Home,1
2222595,4128,0,12,Rustem Khuzin,2700,1,3,Guus Hiddink,Away,0
2222596,121,3,16,Dan Petrescu,932,2,7,Slaven Bilic,Away,1
2222596,932,2,7,Slaven Bilic,121,3,16,Dan Petrescu,Home,0
2222597,232,1,5,Unai Emery,3725,2,2,Stanislav Cherchesov,Away,0
2222597,3725,2,2,Stanislav Cherchesov,232,1,5,Unai Emery,Home,1
2222598,964,3,2,Luciano Spalletti,2410,1,14,Leonid Slutski,Away,1
2222598,2410,1,14,Leonid Slutski,964,3,2,Luciano Spalletti,Home,0
2222599,2439,1,11,Dan Petrescu,2696,2,7,Andrey Kobelev,Away,0
2222599,2696,2,7,Andrey Kobelev,2439,1,11,Dan Petrescu,Home,1
2222600,1083,3,13,Miodrag Bozovic,2703,1,11,Vladimir Gazzaev,Home,1
2222600,2703,1,11,Vladimir Gazzaev,1083,3,13,Miodrag Bozovic,Away,0
2222601,2439,6,8,Yuriy Krasnozhan,12438,2,15,Gadzhi Gadzhiev,Home,1
2222601,12438,2,15,Gadzhi Gadzhiev,2439,6,8,Yuriy Krasnozhan,Away,0
2222602,2696,1,12,Andrey Kobelev,2700,2,4,Guus Hiddink,Home,0
2222602,2700,2,4,Guus Hiddink,2696,1,12,Andrey Kobelev,Away,1
2222603,2703,1,10,Vladimir Gazzaev,4128,1,9,Rustem Khuzin,Home,0
2222603,4128,1,9,Rustem Khuzin,2703,1,10,Vladimir Gazzaev,Away,0
2222604,932,2,2,Slaven Bilic,2696,0,13,Andrey Kobelev,Home,1
2222604,2696,0,13,Andrey Kobelev,932,2,2,Slaven Bilic,Away,0
2222605,3725,1,5,Stanislav Cherchesov,16704,0,10,Slavoljub Muslin,Home,1
2222605,16704,0,10,Slavoljub Muslin,3725,1,5,Stanislav Cherchesov,Away,0
2222606,2410,1,11,Leonid Slutski,4128,3,7,Nikolay Trubachov,Away,0
2222606,4128,3,7,Nikolay Trubachov,2410,1,11,Leonid Slutski,Home,1
2222607,121,0,16,Sergey Silkin,964,2,1,Luciano Spalletti,Away,0
2222607,964,2,1,Luciano Spalletti,121,0,16,Sergey Silkin,Home,1
2222608,121,1,16,Dmitriy Khokhlov,3725,2,4,Stanislav Cherchesov,Home,0
2222608,3725,2,4,Stanislav Cherchesov,121,1,16,Dmitriy Khokhlov,Away,1
2222609,232,2,2,Unai Emery,2698,1,5,Kurban Berdyev,Home,1
2222609,2698,1,5,Kurban Berdyev,232,2,2,Unai Emery,Away,0
2222610,232,2,3,Unai Emery,12438,1,9,Gadzhi Gadzhiev,Home,1
2222610,12438,1,9,Gadzhi Gadzhiev,232,2,3,Unai Emery,Away,0
2222611,2410,1,3,Leonid Slutski,16704,0,11,Slavoljub Muslin,Away,1
2222611,16704,0,11,Slavoljub Muslin,2410,1,3,Leonid Slutski,Home,0
2222612,964,3,1,Luciano Spalletti,11126,0,14,Fedor Shcherbachenko,Away,1
2222612,11126,0,14,Fedor Shcherbachenko,964,3,1,Luciano Spalletti,Home,0
2222613,2698,3,6,Kurban Berdyev,2703,1,15,Vladimir Gazzaev,Home,1
2222613,2703,1,15,Vladimir Gazzaev,2698,3,6,Kurban Berdyev,Away,0
2222614,1083,2,12,Miodrag Bozovic,2700,2,4,Guus Hiddink,Home,0
2222614,2700,2,4,Guus Hiddink,1083,2,12,Miodrag Bozovic,Away,0
2222615,2439,1,12,Yuriy Krasnozhan,2703,2,8,Vladimir Gazzaev,Away,0
2222615,2703,2,8,Vladimir Gazzaev,2439,1,12,Yuriy Krasnozhan,Home,1
2222616,932,2,3,Slaven Bilic,12438,0,14,Gadzhi Gadzhiev,Away,1
2222616,12438,0,14,Gadzhi Gadzhiev,932,2,3,Slaven Bilic,Home,0
2222617,2439,1,8,Dan Petrescu,11126,0,14,Fedor Shcherbachenko,Home,1
2222617,11126,0,14,Fedor Shcherbachenko,2439,1,8,Dan Petrescu,Away,0
2222618,3725,2,7,Stanislav Cherchesov,12438,0,14,Gadzhi Gadzhiev,Home,1
2222618,12438,0,14,Gadzhi Gadzhiev,3725,2,7,Stanislav Cherchesov,Away,0
2222619,2700,4,6,Guus Hiddink,11126,2,14,Fedor Shcherbachenko,Home,1
2222619,11126,2,14,Fedor Shcherbachenko,2700,4,6,Guus Hiddink,Away,0
2222620,964,1,1,Luciano Spalletti,2698,2,3,Kurban Berdyev,Home,0
2222620,2698,2,3,Kurban Berdyev,964,1,1,Luciano Spalletti,Away,1
2222621,4128,2,10,Rustem Khuzin,16704,2,9,Slavoljub Muslin,Home,0
2222621,16704,2,9,Slavoljub Muslin,4128,2,10,Rustem Khuzin,Away,0
2222622,2410,3,4,Leonid Slutski,2696,0,12,Andrey Kobelev,Home,1
2222622,2696,0,12,Andrey Kobelev,2410,3,4,Leonid Slutski,Away,0
2222623,121,0,16,Dmitriy Khokhlov,2698,2,2,Kurban Berdyev,Away,0
2222623,2698,2,2,Kurban Berdyev,121,0,16,Dmitriy Khokhlov,Home,1
2222624,1083,0,15,Miodrag Bozovic,16704,0,9,Slavoljub Muslin,Away,0
2222624,16704,0,9,Slavoljub Muslin,1083,0,15,Miodrag Bozovic,Home,0
2222625,2410,3,6,Leonid Slutski,11126,0,13,Fedor Shcherbachenko,Away,1
2222625,11126,0,13,Fedor Shcherbachenko,2410,3,6,Leonid Slutski,Home,0
2222626,964,1,1,Luciano Spalletti,2700,1,7,Guus Hiddink,Away,0
2222626,2700,1,7,Guus Hiddink,964,1,1,Luciano Spalletti,Home,0
2222627,2696,0,11,Andrey Kobelev,4128,2,10,Rustem Khuzin,Home,0
2222627,4128,2,10,Rustem Khuzin,2696,0,11,Andrey Kobelev,Away,1
2222628,932,2,4,Slaven Bilic,2703,2,11,Vladimir Gazzaev,Home,0
2222628,2703,2,11,Vladimir Gazzaev,932,2,4,Slaven Bilic,Away,0
2222629,2439,2,9,Dan Petrescu,16704,1,8,Slavoljub Muslin,Home,1
2222629,16704,1,8,Slavoljub Muslin,2439,2,9,Dan Petrescu,Away,0
2222630,2698,2,4,Kurban Berdyev,12438,1,13,Gadzhi Gadzhiev,Away,1
2222630,12438,1,13,Gadzhi Gadzhiev,2698,2,4,Kurban Berdyev,Home,0
2222631,932,1,6,Slaven Bilic,16704,3,5,Slavoljub Muslin,Away,0
2222631,16704,3,5,Slavoljub Muslin,932,1,6,Slaven Bilic,Home,1
2222632,121,1,16,Dan Petrescu,2439,2,6,Yuriy Krasnozhan,Home,0
2222632,2439,2,6,Yuriy Krasnozhan,121,1,16,Dan Petrescu,Away,1
2222633,121,0,16,Sergey Silkin,232,4,1,Unai Emery,Home,0
2222633,232,4,1,Unai Emery,121,0,16,Sergey Silkin,Away,1
2222634,1083,1,13,Miodrag Bozovic,12438,1,15,Gadzhi Gadzhiev,Away,0
2222634,12438,1,15,Gadzhi Gadzhiev,1083,1,13,Miodrag Bozovic,Home,0
2222635,2698,1,7,Kurban Berdyev,3725,2,2,Stanislav Cherchesov,Home,0
2222635,3725,2,2,Stanislav Cherchesov,2698,1,7,Kurban Berdyev,Away,1
2222636,1083,1,15,Miodrag Bozovic,2696,2,6,Andrey Kobelev,Home,0
2222636,2696,2,6,Andrey Kobelev,1083,1,15,Miodrag Bozovic,Away,1
2222638,2703,5,9,Vladimir Gazzaev,3725,0,8,Stanislav Cherchesov,Home,1
2222638,3725,0,8,Stanislav Cherchesov,2703,5,9,Vladimir Gazzaev,Away,0
2222639,2410,1,10,Leonid Slutski,2700,0,5,Guus Hiddink,Home,1
2222639,2700,0,5,Guus Hiddink,2410,1,10,Leonid Slutski,Away,0
2222640,232,0,3,Unai Emery,964,5,1,Luciano Spalletti,Away,0
2222640,964,5,1,Luciano Spalletti,232,0,3,Unai Emery,Home,1
2222641,4128,0,13,Rustem Khuzin,11126,0,12,Fedor Shcherbachenko,Home,0
2222641,11126,0,12,Fedor Shcherbachenko,4128,0,13,Rustem Khuzin,Away,0
2222642,2696,2,11,Andrey Kobelev,16704,2,9,Slavoljub Muslin,Home,0
2222642,16704,2,9,Slavoljub Muslin,2696,2,11,Andrey Kobelev,Away,0
2222643,2696,2,10,Andrey Kobelev,2703,2,12,Vladimir Gazzaev,Away,0
2222643,2703,2,12,Vladimir Gazzaev,2696,2,10,Andrey Kobelev,Home,0
2222644,2698,0,8,Kurban Berdyev,4128,1,9,Rustem Khuzin,Home,0
2222644,4128,1,9,Rustem Khuzin,2698,0,8,Kurban Berdyev,Away,1
2222645,232,3,4,Unai Emery,4128,1,10,Rustem Khuzin,Away,1
2222645,4128,1,10,Rustem Khuzin,232,3,4,Unai Emery,Home,0
2222646,1083,0,14,Miodrag Bozovic,2698,4,7,Kurban Berdyev,Home,0
2222646,2698,4,7,Kurban Berdyev,1083,0,14,Miodrag Bozovic,Away,1
2222647,1083,1,13,Miodrag Bozovic,3725,2,3,Stanislav Cherchesov,Away,0
2222647,3725,2,3,Stanislav Cherchesov,1083,1,13,Miodrag Bozovic,Home,1
2222648,2439,2,8,Yuriy Krasnozhan,3725,1,5,Stanislav Cherchesov,Home,1
2222648,3725,1,5,Stanislav Cherchesov,2439,2,8,Yuriy Krasnozhan,Away,0
2222649,964,2,4,Luciano Spalletti,16704,0,11,Slavoljub Muslin,Away,1
2222649,16704,0,11,Slavoljub Muslin,964,2,4,Luciano Spalletti,Home,0
2222650,932,0,5,Slaven Bilic,2439,1,6,Yuriy Krasnozhan,Home,0
2222650,2439,1,6,Yuriy Krasnozhan,932,0,5,Slaven Bilic,Away,1
2222651,11126,2,15,Fedor Shcherbachenko,12438,0,16,Gadzhi Gadzhiev,Away,1
2222651,12438,0,16,Gadzhi Gadzhiev,11126,2,15,Fedor Shcherbachenko,Home,0
2222652,121,0,14,Dan Petrescu,2700,2,1,Guus Hiddink,Home,0
2222652,2700,2,1,Guus Hiddink,121,0,14,Dan Petrescu,Away,1
2222653,232,0,7,Unai Emery,2410,2,2,Leonid Slutski,Home,0
2222653,2410,2,2,Leonid Slutski,232,0,7,Unai Emery,Away,1
2222654,121,3,14,Dan Petrescu,4128,2,9,Rustem Khuzin,Home,1
2222654,4128,2,9,Rustem Khuzin,121,3,14,Dan Petrescu,Away,0
2222655,2439,0,8,Yuriy Krasnozhan,2698,1,7,Kurban Berdyev,Away,0
2222655,2698,1,7,Kurban Berdyev,2439,0,8,Yuriy Krasnozhan,Home,1
2222656,121,0,16,Dan Petrescu,1083,1,11,Miodrag Bozovic,Away,0
2222656,1083,1,11,Miodrag Bozovic,121,0,16,Dan Petrescu,Home,1
2222657,2703,1,12,Vladimir Gazzaev,11126,1,15,Fedor Shcherbachenko,Away,0
2222657,11126,1,15,Fedor Shcherbachenko,2703,1,12,Vladimir Gazzaev,Home,0
2222658,121,2,13,Dan Petrescu,2410,0,2,Leonid Slutski,Away,1
2222658,2410,0,2,Leonid Slutski,121,2,13,Dan Petrescu,Home,0
2222659,932,1,3,Slaven Bilic,964,1,6,Luciano Spalletti,Away,0
2222659,964,1,6,Luciano Spalletti,932,1,3,Slaven Bilic,Home,0
2222660,232,3,6,Unai Emery,1083,1,12,Miodrag Bozovic,Home,1
2222660,1083,1,12,Miodrag Bozovic,232,3,6,Unai Emery,Away,0
2222661,4128,3,9,Rustem Khuzin,12438,2,15,Gadzhi Gadzhiev,Home,1
2222661,12438,2,15,Gadzhi Gadzhiev,4128,3,9,Rustem Khuzin,Away,0
2222662,2700,2,1,Guus Hiddink,12438,1,16,Gadzhi Gadzhiev,Home,1
2222662,12438,1,16,Gadzhi Gadzhiev,2700,2,1,Guus Hiddink,Away,0
2222663,932,3,3,Slaven Bilic,3725,0,4,Stanislav Cherchesov,Away,1
2222663,3725,0,4,Stanislav Cherchesov,932,3,3,Slaven Bilic,Home,0
2222664,932,1,5,Slaven Bilic,2698,0,8,Kurban Berdyev,Home,1
2222664,2698,0,8,Kurban Berdyev,932,1,5,Slaven Bilic,Away,0
2222665,232,2,7,Unai Emery,2439,2,6,Yuriy Krasnozhan,Away,0
2222665,2439,2,6,Yuriy Krasnozhan,232,2,7,Unai Emery,Home,0
2222666,11126,1,16,Fedor Shcherbachenko,16704,6,10,Slavoljub Muslin,Away,0
2222666,16704,6,10,Slavoljub Muslin,11126,1,16,Fedor Shcherbachenko,Home,1
2222667,2700,1,2,Guus Hiddink,2703,0,13,Vladimir Gazzaev,Away,1
2222667,2703,0,13,Vladimir Gazzaev,2700,1,2,Guus Hiddink,Home,0
2222668,2410,3,1,Leonid Slutski,12438,2,15,Gadzhi Gadzhiev,Away,1
2222668,12438,2,15,Gadzhi Gadzhiev,2410,3,1,Leonid Slutski,Home,0
2222669,964,2,5,Luciano Spalletti,2696,2,11,Andrey Kobelev,Away,0
2222669,2696,2,11,Andrey Kobelev,964,2,5,Luciano Spalletti,Home,0
2222670,964,1,4,Luciano Spalletti,2439,0,6,Yuriy Krasnozhan,Home,1
2222670,2439,0,6,Yuriy Krasnozhan,964,1,4,Luciano Spalletti,Away,0
2222671,964,0,4,Luciano Spalletti,3725,2,1,Stanislav Cherchesov,Home,0
2222671,3725,2,1,Stanislav Cherchesov,964,0,4,Luciano Spalletti,Away,1
2222672,932,0,8,Slaven Bilic,12438,1,13,Gadzhi Gadzhiev,Home,0
2222672,12438,1,13,Gadzhi Gadzhiev,932,0,8,Slaven Bilic,Away,1
2222673,2696,3,10,Andrey Kobelev,11126,2,14,Fedor Shcherbachenko,Away,1
2222673,11126,2,14,Fedor Shcherbachenko,2696,3,10,Andrey Kobelev,Home,0
2222674,2410,2,2,Leonid Slutski,2703,0,12,Vladimir Gazzaev,Home,1
2222674,2703,0,12,Vladimir Gazzaev,2410,2,2,Leonid Slutski,Away,0
2222675,2410,2,2,Leonid Slutski,2698,0,8,Kurban Berdyev,Home,1
2222675,2698,0,8,Kurban Berdyev,2410,2,2,Leonid Slutski,Away,0
2222676,2700,5,3,Guus Hiddink,16704,2,13,Slavoljub Muslin,Home,1
2222676,16704,2,13,Slavoljub Muslin,2700,5,3,Guus Hiddink,Away,0
2222677,2439,0,4,Yuriy Krasnozhan,2703,0,15,Valeriy Gazzaev,Home,0
2222677,2703,0,15,Valeriy Gazzaev,2439,0,4,Yuriy Krasnozhan,Away,0
2222678,121,2,9,Dan Petrescu,3725,1,6,Stanislav Cherchesov,Away,1
2222678,3725,1,6,Stanislav Cherchesov,121,2,9,Dan Petrescu,Home,0
2222679,3725,1,3,Stanislav Cherchesov,4128,0,10,Rustem Khuzin,Away,1
2222679,4128,0,10,Rustem Khuzin,3725,1,3,Stanislav Cherchesov,Home,0
2222680,964,3,3,Luciano Spalletti,2703,2,13,Vladimir Gazzaev,Away,1
2222680,2703,2,13,Vladimir Gazzaev,964,3,3,Luciano Spalletti,Home,0
2222681,121,2,12,Dan Petrescu,11126,1,15,Fedor Shcherbachenko,Away,1
2222681,11126,1,15,Fedor Shcherbachenko,121,2,12,Dan Petrescu,Home,0
2222682,2703,0,13,Vladimir Gazzaev,16704,2,9,Slavoljub Muslin,Away,0
2222682,16704,2,9,Slavoljub Muslin,2703,0,13,Vladimir Gazzaev,Home,1
2222683,2696,0,11,Andrey Kobelev,12438,1,16,Gadzhi Gadzhiev,Home,0
2222683,12438,1,16,Gadzhi Gadzhiev,2696,0,11,Andrey Kobelev,Away,1
2222684,2410,2,1,Leonid Slutski,3725,1,4,Stanislav Cherchesov,Away,1
2222684,3725,1,4,Stanislav Cherchesov,2410,2,1,Leonid Slutski,Home,0
2222685,232,1,5,Valeriy Karpin,2698,0,7,Kurban Berdyev,Away,1
2222685,2698,0,7,Kurban Berdyev,232,1,5,Valeriy Karpin,Home,0
2222686,932,0,5,Slaven Bilic,1083,0,14,Miodrag Bozovic,Away,0
2222686,1083,0,14,Miodrag Bozovic,932,0,5,Slaven Bilic,Home,0
2222687,232,1,7,Unai Emery,2700,2,1,Zeljko Petrovic,Away,0
2222687,2700,2,1,Zeljko Petrovic,232,1,7,Unai Emery,Home,1
2222688,232,2,6,Unai Emery,11126,0,16,Fedor Shcherbachenko,Home,1
2222688,11126,0,16,Fedor Shcherbachenko,232,2,6,Unai Emery,Away,0
2222689,2698,2,8,Kurban Berdyev,2700,1,2,Guus Hiddink,Home,1
2222689,2700,1,2,Guus Hiddink,2698,2,8,Kurban Berdyev,Away,0
2222690,12438,1,15,Gadzhi Gadzhiev,16704,1,10,Slavoljub Muslin,Home,0
2222690,16704,1,10,Slavoljub Muslin,12438,1,15,Gadzhi Gadzhiev,Away,0
2222691,932,1,7,Slaven Bilic,4128,2,9,Rustem Khuzin,Home,0
2222691,4128,2,9,Rustem Khuzin,932,1,7,Slaven Bilic,Away,1
2222692,121,0,11,Dan Petrescu,16704,2,9,Slavoljub Muslin,Away,0
2222692,16704,2,9,Slavoljub Muslin,121,0,11,Dan Petrescu,Home,1
2222693,121,1,11,Dan Petrescu,2696,0,12,Andrey Kobelev,Home,1
2222693,2696,0,12,Andrey Kobelev,121,1,11,Dan Petrescu,Away,0
2222694,1083,0,14,Miodrag Bozovic,2439,1,5,Yuriy Krasnozhan,Away,0
2222694,2439,1,5,Yuriy Krasnozhan,1083,0,14,Miodrag Bozovic,Home,1
2222695,964,2,3,Luciano Spalletti,1083,1,15,Miodrag Bozovic,Home,1
2222695,1083,1,15,Miodrag Bozovic,964,2,3,Luciano Spalletti,Away,0
2222696,2700,3,2,Guus Hiddink,3725,1,6,Stanislav Cherchesov,Home,1
2222696,3725,1,6,Stanislav Cherchesov,2700,3,2,Guus Hiddink,Away,0
2222697,932,1,8,Slaven Bilic,2410,2,1,Leonid Slutski,Away,0
2222697,2410,2,1,Leonid Slutski,932,1,8,Slaven Bilic,Home,1
2222698,2698,3,7,Kurban Berdyev,11126,1,16,Fedor Shcherbachenko,Away,1
2222698,11126,1,16,Fedor Shcherbachenko,2698,3,7,Kurban Berdyev,Home,0
2222699,232,5,4,Unai Emery,2696,0,12,Andrey Kobelev,Away,1
2222699,2696,0,12,Andrey Kobelev,232,5,4,Unai Emery,Home,0
2222700,2703,0,14,Vladimir Gazzaev,12438,2,13,Gadzhi Gadzhiev,Home,0
2222700,12438,2,13,Gadzhi Gadzhiev,2703,0,14,Vladimir Gazzaev,Away,1
2222701,2439,3,5,Yuriy Krasnozhan,4128,0,10,Rustem Khuzin,Away,1
2222701,4128,0,10,Rustem Khuzin,2439,3,5,Yuriy Krasnozhan,Home,0
2222702,2410,3,1,Leonid Slutski,2439,1,7,Yuriy Krasnozhan,Away,1
2222702,2439,1,7,Yuriy Krasnozhan,2410,3,1,Leonid Slutski,Home,0
2222703,964,2,2,Luciano Spalletti,12438,1,14,Gadzhi Gadzhiev,Away,1
2222703,12438,1,14,Gadzhi Gadzhiev,964,2,2,Luciano Spalletti,Home,0
2222704,1083,3,12,Miodrag Bozovic,4128,0,10,Rustem Khuzin,Home,1
2222704,4128,0,10,Rustem Khuzin,1083,3,12,Miodrag Bozovic,Away,0
2222705,232,2,4,Unai Emery,16704,0,9,Slavoljub Muslin,Home,1
2222705,16704,0,9,Slavoljub Muslin,232,2,4,Unai Emery,Away,0
2222706,2696,0,13,Andrey Kobelev,2698,2,6,Kurban Berdyev,Away,0
2222706,2698,2,6,Kurban Berdyev,2696,0,13,Andrey Kobelev,Home,1
2222707,1083,0,12,Miodrag Bozovic,2700,0,2,Guus Hiddink,Away,0
2222707,2700,0,2,Guus Hiddink,1083,0,12,Miodrag Bozovic,Home,0
2222708,121,3,10,Dan Petrescu,964,0,3,Luciano Spalletti,Home,1
2222708,964,0,3,Luciano Spalletti,121,3,10,Dan Petrescu,Away,0
2222709,3725,2,5,Stanislav Cherchesov,11126,1,16,Fedor Shcherbachenko,Home,1
2222709,11126,1,16,Fedor Shcherbachenko,3725,2,5,Stanislav Cherchesov,Away,0
2222710,121,2,11,Dan Petrescu,2703,0,15,Vladimir Gazzaev,Home,1
2222710,2703,0,15,Vladimir Gazzaev,121,2,11,Dan Petrescu,Away,0
2222711,2439,3,6,Yuriy Krasnozhan,11126,0,16,Fedor Shcherbachenko,Away,1
2222711,11126,0,16,Fedor Shcherbachenko,2439,3,6,Yuriy Krasnozhan,Home,0
2222712,932,1,8,Slaven Bilic,2700,1,3,Guus Hiddink,Home,0
2222712,2700,1,3,Guus Hiddink,932,1,8,Slaven Bilic,Away,0
2222713,2410,3,1,Leonid Slutski,4128,0,11,Rustem Khuzin,Home,1
2222713,4128,0,11,Rustem Khuzin,2410,3,1,Leonid Slutski,Away,0
2222714,3725,0,7,Stanislav Cherchesov,16704,3,9,Slavoljub Muslin,Away,0
2222714,16704,3,9,Slavoljub Muslin,3725,0,7,Stanislav Cherchesov,Home,1
2222715,964,1,3,Luciano Spalletti,2410,1,1,Leonid Slutski,Home,0
2222715,2410,1,1,Leonid Slutski,964,1,3,Luciano Spalletti,Away,0
2222716,2439,4,4,Yuriy Krasnozhan,2696,1,14,Aleksandr Tsygankov,Home,1
2222716,2696,1,14,Aleksandr Tsygankov,2439,4,4,Yuriy Krasnozhan,Away,0
2222717,2700,2,2,Guus Hiddink,4128,1,11,Rustem Khuzin,Away,1
2222717,4128,1,11,Rustem Khuzin,2700,2,2,Guus Hiddink,Home,0
2222718,232,1,5,Unai Emery,12438,1,14,Gadzhi Gadzhiev,Away,0
2222718,12438,1,14,Gadzhi Gadzhiev,232,1,5,Unai Emery,Home,0
2222719,2698,2,4,Kurban Berdyev,2703,0,15,Valeriy Gazzaev,Away,1
2222719,2703,0,15,Valeriy Gazzaev,2698,2,4,Kurban Berdyev,Home,0
2222720,121,5,9,Dan Petrescu,232,1,7,Unai Emery,Away,1
2222720,232,1,7,Unai Emery,121,5,9,Dan Petrescu,Home,0
2222721,1083,2,12,Miodrag Bozovic,11126,0,16,Vladimir Bibikov,Home,1
2222721,11126,0,16,Vladimir Bibikov,1083,2,12,Miodrag Bozovic,Away,0
2222722,932,1,8,Slaven Bilic,2696,0,13,Aleksandr Tsygankov,Away,1
2222722,2696,0,13,Aleksandr Tsygankov,932,1,8,Slaven Bilic,Home,0
2222723,2698,0,5,Kurban Berdyev,12438,0,13,Gadzhi Gadzhiev,Home,0
2222723,12438,0,13,Gadzhi Gadzhiev,2698,0,5,Kurban Berdyev,Away,0
2222724,932,3,8,Slaven Bilic,16704,2,10,Slavoljub Muslin,Home,1
2222724,16704,2,10,Slavoljub Muslin,932,3,8,Slaven Bilic,Away,0
2222725,2703,0,15,Valeriy Gazzaev,3725,1,6,Stanislav Cherchesov,Away,0
2222725,3725,1,6,Stanislav Cherchesov,2703,0,15,Valeriy Gazzaev,Home,1
2222726,2696,2,14,Aleksandr Tsygankov,4128,0,12,Rustem Khuzin,Away,1
2222726,4128,0,12,Rustem Khuzin,2696,2,14,Aleksandr Tsygankov,Home,0
2222727,232,2,8,Valeriy Karpin,964,4,3,Luciano Spalletti,Home,0
2222727,964,4,3,Luciano Spalletti,232,2,8,Valeriy Karpin,Away,1
2222728,932,1,7,Slaven Bilic,2703,0,15,Valeriy Gazzaev,Away,1
2222728,2703,0,15,Valeriy Gazzaev,932,1,7,Slaven Bilic,Home,0
2222729,3725,1,4,Stanislav Cherchesov,12438,1,13,Gadzhi Gadzhiev,Away,0
2222729,12438,1,13,Gadzhi Gadzhiev,3725,1,4,Stanislav Cherchesov,Home,0
2222730,2439,1,5,Yuriy Krasnozhan,16704,2,10,Slavoljub Muslin,Away,0
2222730,16704,2,10,Slavoljub Muslin,2439,1,5,Yuriy Krasnozhan,Home,1
2222731,121,3,9,Dan Petrescu,2698,0,6,Kurban Berdyev,Home,1
2222731,2698,0,6,Kurban Berdyev,121,3,9,Dan Petrescu,Away,0
2222732,1083,2,11,Miodrag Bozovic,2696,0,14,Aleksandr Tsygankov,Away,1
2222732,2696,0,14,Aleksandr Tsygankov,1083,2,11,Miodrag Bozovic,Home,0
2222733,4128,1,12,Rustem Khuzin,11126,1,16,Vladimir Bibikov,Away,0
2222733,11126,1,16,Vladimir Bibikov,4128,1,12,Rustem Khuzin,Home,0
2222734,1083,2,11,Miodrag Bozovic,16704,3,10,Slavoljub Muslin,Home,0
2222734,16704,3,10,Slavoljub Muslin,1083,2,11,Miodrag Bozovic,Away,1
2222735,2410,0,2,Leonid Slutski,2700,2,1,Guus Hiddink,Away,0
2222735,2700,2,1,Guus Hiddink,2410,0,2,Leonid Slutski,Home,1
2222736,964,1,3,Luciano Spalletti,2700,1,2,Guus Hiddink,Home,0
2222736,2700,1,2,Guus Hiddink,964,1,3,Luciano Spalletti,Away,0
2222737,2410,2,1,Leonid Slutski,11126,1,16,Vladimir Bibikov,Home,1
2222737,11126,1,16,Vladimir Bibikov,2410,2,1,Leonid Slutski,Away,0
2222738,2410,4,1,Leonid Slutski,2703,0,16,Valeriy Gazzaev,Away,1
2222738,2703,0,16,Valeriy Gazzaev,2410,4,1,Leonid Slutski,Home,0
2222739,2700,0,3,Guus Hiddink,16704,4,8,Slavoljub Muslin,Away,0
2222739,16704,4,8,Slavoljub Muslin,2700,0,3,Guus Hiddink,Home,1
2222740,2410,2,1,Leonid Slutski,2696,0,14,Gadzhi Gadzhiev,Away,1
2222740,2696,0,14,Gadzhi Gadzhiev,2410,2,1,Leonid Slutski,Home,0
2222741,964,0,3,Luciano Spalletti,2698,1,6,Kurban Berdyev,Away,0
2222741,2698,1,6,Kurban Berdyev,964,0,3,Luciano Spalletti,Home,1
2222742,2698,0,6,Kurban Berdyev,3725,0,8,Stanislav Cherchesov,Away,0
2222742,3725,0,8,Stanislav Cherchesov,2698,0,6,Kurban Berdyev,Home,0
2222743,964,3,2,Luciano Spalletti,3725,0,9,Stanislav Cherchesov,Away,1
2222743,3725,0,9,Stanislav Cherchesov,964,3,2,Luciano Spalletti,Home,0
2222744,2696,0,14,Gadzhi Gadzhiev,11126,2,15,Dorinel Munteanu,Home,0
2222744,11126,2,15,Dorinel Munteanu,2696,0,14,Gadzhi Gadzhiev,Away,1
2222746,2700,0,2,Guus Hiddink,11126,2,16,Dorinel Munteanu,Away,0
2222746,11126,2,16,Dorinel Munteanu,2700,0,2,Guus Hiddink,Home,1
2222747,121,1,7,Dan Petrescu,2439,1,4,Leonid Kuchuk,Away,0
2222747,2439,1,4,Leonid Kuchuk,121,1,7,Dan Petrescu,Home,0
2222748,4128,1,11,Rustem Khuzin,12438,1,13,Yuriy Kalitvintsev,Away,0
2222748,12438,1,13,Yuriy Kalitvintsev,4128,1,11,Rustem Khuzin,Home,0
2222749,4128,1,12,Rustem Khuzin,16704,2,9,Slavoljub Muslin,Away,0
2222749,16704,2,9,Slavoljub Muslin,4128,1,12,Rustem Khuzin,Home,1
2222750,232,2,6,Valeriy Karpin,2439,2,5,Leonid Kuchuk,Home,0
2222750,2439,2,5,Leonid Kuchuk,232,2,6,Valeriy Karpin,Away,0
2222751,2410,1,1,Leonid Slutski,16704,0,10,Slavoljub Muslin,Home,1
2222751,16704,0,10,Slavoljub Muslin,2410,1,1,Leonid Slutski,Away,0
2222752,2703,1,15,Valeriy Gazzaev,4128,5,11,Rustem Khuzin,Away,0
2222752,4128,5,11,Rustem Khuzin,2703,1,15,Valeriy Gazzaev,Home,1
2222753,1083,1,12,Miodrag Bozovic,12438,2,13,Yuriy Kalitvintsev,Home,0
2222753,12438,2,13,Yuriy Kalitvintsev,1083,1,12,Miodrag Bozovic,Away,1
2222754,2439,2,4,Leonid Kuchuk,12438,0,13,Yuriy Kalitvintsev,Away,1
2222754,12438,0,13,Yuriy Kalitvintsev,2439,2,4,Leonid Kuchuk,Home,0
2222755,1083,0,11,Miodrag Bozovic,2703,0,15,Valeriy Gazzaev,Away,0
2222755,2703,0,15,Valeriy Gazzaev,1083,0,11,Miodrag Bozovic,Home,0
2222756,121,1,7,Dan Petrescu,1083,0,12,Miodrag Bozovic,Home,1
2222756,1083,0,12,Miodrag Bozovic,121,1,7,Dan Petrescu,Away,0
2222757,2696,1,14,Gadzhi Gadzhiev,2700,1,2,Guus Hiddink,Away,0
2222757,2700,1,2,Guus Hiddink,2696,1,14,Gadzhi Gadzhiev,Home,0
2222758,932,0,10,Slaven Bilic,2698,2,4,Kurban Berdyev,Away,0
2222758,2698,2,4,Kurban Berdyev,932,0,10,Slaven Bilic,Home,1
2222759,964,1,3,Luciano Spalletti,11126,0,16,Dorinel Munteanu,Home,1
2222759,11126,0,16,Dorinel Munteanu,964,1,3,Luciano Spalletti,Away,0
2222760,2439,4,4,Leonid Kuchuk,4128,0,13,Rustem Khuzin,Home,1
2222760,4128,0,13,Rustem Khuzin,2439,4,4,Leonid Kuchuk,Away,0
2222761,121,1,7,Dan Petrescu,932,0,10,Slaven Bilic,Home,1
2222761,932,0,10,Slaven Bilic,121,1,7,Dan Petrescu,Away,0
2222762,932,1,10,Slaven Bilic,2700,2,3,Guus Hiddink,Away,0
2222762,2700,2,3,Guus Hiddink,932,1,10,Slaven Bilic,Home,1
2222763,964,3,2,Luciano Spalletti,12438,1,13,Yuriy Kalitvintsev,Home,1
2222763,12438,1,13,Yuriy Kalitvintsev,964,3,2,Luciano Spalletti,Away,0
2222764,2410,0,1,Leonid Slutski,2439,0,4,Leonid Kuchuk,Home,0
2222764,2439,0,4,Leonid Kuchuk,2410,0,1,Leonid Slutski,Away,0
2222765,2703,0,16,Valeriy Gazzaev,12438,1,11,Yuriy Kalitvintsev,Away,0
2222765,12438,1,11,Yuriy Kalitvintsev,2703,0,16,Valeriy Gazzaev,Home,1
2222766,232,1,5,Valeriy Karpin,16704,0,9,Slavoljub Muslin,Away,1
2222766,16704,0,9,Slavoljub Muslin,232,1,5,Valeriy Karpin,Home,0
2222767,3725,1,8,Stanislav Cherchesov,11126,1,15,Dorinel Munteanu,Away,0
2222767,11126,1,15,Dorinel Munteanu,3725,1,8,Stanislav Cherchesov,Home,0
2222768,964,1,2,Luciano Spalletti,1083,1,12,Miodrag Bozovic,Away,0
2222768,1083,1,12,Miodrag Bozovic,964,1,2,Luciano Spalletti,Home,0
2222769,1083,0,11,Miodrag Bozovic,2439,2,5,Leonid Kuchuk,Home,0
2222769,2439,2,5,Leonid Kuchuk,1083,0,11,Miodrag Bozovic,Away,1
2222770,932,4,10,Slaven Bilic,4128,2,12,Rustem Khuzin,Away,1
2222770,4128,2,12,Rustem Khuzin,932,4,10,Slaven Bilic,Home,0
2222771,2696,3,12,Gadzhi Gadzhiev,2698,1,6,Kurban Berdyev,Home,1
2222771,2698,1,6,Kurban Berdyev,2696,3,12,Gadzhi Gadzhiev,Away,0
2222772,932,1,10,Slaven Bilic,2410,4,1,Leonid Slutski,Home,0
2222772,2410,4,1,Leonid Slutski,932,1,10,Slaven Bilic,Away,1
2222773,2698,2,5,Kurban Berdyev,11126,1,15,Dorinel Munteanu,Home,1
2222773,11126,1,15,Dorinel Munteanu,2698,2,5,Kurban Berdyev,Away,0
2222774,2696,1,14,Gadzhi Gadzhiev,3725,4,8,Stanislav Cherchesov,Away,0
2222774,3725,4,8,Stanislav Cherchesov,2696,1,14,Gadzhi Gadzhiev,Home,1
2222775,2700,0,3,Guus Hiddink,3725,1,8,Stanislav Cherchesov,Away,0
2222775,3725,1,8,Stanislav Cherchesov,2700,0,3,Guus Hiddink,Home,1
2222776,232,1,7,Valeriy Karpin,2696,1,14,Gadzhi Gadzhiev,Home,0
2222776,2696,1,14,Gadzhi Gadzhiev,232,1,7,Valeriy Karpin,Away,0
2222777,121,1,6,Dan Petrescu,16704,1,9,Slavoljub Muslin,Home,0
2222777,16704,1,9,Slavoljub Muslin,121,1,6,Dan Petrescu,Away,0
2222778,121,0,7,Dan Petrescu,12438,0,13,Yuriy Kalitvintsev,Home,0
2222778,12438,0,13,Yuriy Kalitvintsev,121,0,7,Dan Petrescu,Away,0
2222779,2410,2,1,Leonid Slutski,12438,0,13,Yuriy Kalitvintsev,Home,1
2222779,12438,0,13,Yuriy Kalitvintsev,2410,2,1,Leonid Slutski,Away,0
2222780,964,0,2,Luciano Spalletti,4128,0,12,Rustem Khuzin,Away,0
2222780,4128,0,12,Rustem Khuzin,964,0,2,Luciano Spalletti,Home,0
2222781,2698,2,6,Kurban Berdyev,16704,0,10,Slavoljub Muslin,Home,1
2222781,16704,0,10,Slavoljub Muslin,2698,2,6,Kurban Berdyev,Away,0
2222782,1083,2,14,Miodrag Bozovic,4128,3,11,Rustem Khuzin,Away,0
2222782,4128,3,11,Rustem Khuzin,1083,2,14,Miodrag Bozovic,Home,1
2222783,121,0,7,Dan Petrescu,2703,1,16,Valeriy Gazzaev,Away,0
2222783,2703,1,16,Valeriy Gazzaev,121,0,7,Dan Petrescu,Home,1
2222784,11126,0,15,Dorinel Munteanu,16704,0,8,Slavoljub Muslin,Home,0
2222784,16704,0,8,Slavoljub Muslin,11126,0,15,Dorinel Munteanu,Away,0
2222785,232,0,7,Valeriy Karpin,1083,1,11,Miodrag Bozovic,Away,0
2222785,1083,1,11,Miodrag Bozovic,232,0,7,Valeriy Karpin,Home,1
2222786,932,2,9,Slaven Bilic,11126,1,15,Dorinel Munteanu,Home,1
2222786,11126,1,15,Dorinel Munteanu,932,2,9,Slaven Bilic,Away,0
2222787,2696,3,14,Gadzhi Gadzhiev,16704,0,8,Slavoljub Muslin,Away,1
2222787,16704,0,8,Slavoljub Muslin,2696,3,14,Gadzhi Gadzhiev,Home,0
2222788,121,1,6,Dan Petrescu,4128,1,12,Rustem Khuzin,Away,0
2222788,4128,1,12,Rustem Khuzin,121,1,6,Dan Petrescu,Home,0
2222789,964,1,2,Luciano Spalletti,2696,0,14,Gadzhi Gadzhiev,Home,1
2222789,2696,0,14,Gadzhi Gadzhiev,964,1,2,Luciano Spalletti,Away,0
2222790,232,2,5,Valeriy Karpin,2703,0,16,Valeriy Gazzaev,Home,1
2222790,2703,0,16,Valeriy Gazzaev,232,2,5,Valeriy Karpin,Away,0
2222791,2439,1,4,Leonid Kuchuk,2700,0,3,Guus Hiddink,Home,1
2222791,2700,0,3,Guus Hiddink,2439,1,4,Leonid Kuchuk,Away,0
2222792,1083,3,11,Miodrag Bozovic,2410,0,1,Leonid Slutski,Home,1
2222792,2410,0,1,Leonid Slutski,1083,3,11,Miodrag Bozovic,Away,0
2222793,2703,3,15,Valeriy Gazzaev,11126,1,16,Dorinel Munteanu,Home,1
2222793,11126,1,16,Dorinel Munteanu,2703,3,15,Valeriy Gazzaev,Away,0
2222794,232,2,5,Valeriy Karpin,4128,0,12,Rustem Khuzin,Home,1
2222794,4128,0,12,Rustem Khuzin,232,2,5,Valeriy Karpin,Away,0
2222795,932,0,10,Slaven Bilic,964,1,2,Luciano Spalletti,Home,0
2222795,964,1,2,Luciano Spalletti,932,0,10,Slaven Bilic,Away,1
2222796,121,0,7,Dan Petrescu,2410,0,1,Leonid Slutski,Home,0
2222796,2410,0,1,Leonid Slutski,121,0,7,Dan Petrescu,Away,0
2222797,2700,3,3,Guus Hiddink,12438,0,13,Yuriy Kalitvintsev,Away,1
2222797,12438,0,13,Yuriy Kalitvintsev,2700,3,3,Guus Hiddink,Home,0
2222798,1083,1,11,Miodrag Bozovic,2698,1,4,Kurban Berdyev,Away,0
2222798,2698,1,4,Kurban Berdyev,1083,1,11,Miodrag Bozovic,Home,0
2222799,2698,1,4,Kurban Berdyev,4128,1,12,Rustem Khuzin,Away,0
2222799,4128,1,12,Rustem Khuzin,2698,1,4,Kurban Berdyev,Home,0
2222800,932,1,10,Slaven Bilic,3725,1,9,Stanislav Cherchesov,Home,0
2222800,3725,1,9,Stanislav Cherchesov,932,1,10,Slaven Bilic,Away,0
2222801,2696,2,14,Gadzhi Gadzhiev,2703,1,15,Valeriy Gazzaev,Home,1
2222801,2703,1,15,Valeriy Gazzaev,2696,2,14,Gadzhi Gadzhiev,Away,0
2222802,121,3,7,Dan Petrescu,2700,3,3,Guus Hiddink,Away,0
2222802,2700,3,3,Guus Hiddink,121,3,7,Dan Petrescu,Home,0
2222803,2439,0,5,Leonid Kuchuk,2698,0,4,Kurban Berdyev,Home,0
2222803,2698,0,4,Kurban Berdyev,2439,0,5,Leonid Kuchuk,Away,0
2222804,11126,1,16,Dorinel Munteanu,12438,3,13,Yuriy Kalitvintsev,Home,0
2222804,12438,3,13,Yuriy Kalitvintsev,11126,1,16,Dorinel Munteanu,Away,1
2222805,232,2,5,Valeriy Karpin,2410,2,1,Leonid Slutski,Away,0
2222805,2410,2,1,Leonid Slutski,232,2,5,Valeriy Karpin,Home,0
2222806,964,1,2,Luciano Spalletti,16704,0,9,Slavoljub Muslin,Home,1
2222806,16704,0,9,Slavoljub Muslin,964,1,2,Luciano Spalletti,Away,0
2222807,2696,1,14,Gadzhi Gadzhiev,12438,1,13,Yuriy Kalitvintsev,Away,0
2222807,12438,1,13,Yuriy Kalitvintsev,2696,1,14,Gadzhi Gadzhiev,Home,0
2222808,2703,2,15,Valeriy Gazzaev,16704,3,9,Slavoljub Muslin,Home,0
2222808,16704,3,9,Slavoljub Muslin,2703,2,15,Valeriy Gazzaev,Away,1
2222809,2439,2,6,Leonid Kuchuk,3725,2,9,Stanislav Cherchesov,Away,0
2222809,3725,2,9,Stanislav Cherchesov,2439,2,6,Leonid Kuchuk,Home,0
2222810,121,2,4,Dan Petrescu,2696,1,14,Gadzhi Gadzhiev,Away,1
2222810,2696,1,14,Gadzhi Gadzhiev,121,2,4,Dan Petrescu,Home,0
2222811,2410,0,1,Leonid Slutski,2698,2,4,Kurban Berdyev,Away,0
2222811,2698,2,4,Kurban Berdyev,2410,0,1,Leonid Slutski,Home,1
2222812,232,2,5,Valeriy Karpin,2700,0,3,Guus Hiddink,Home,1
2222812,2700,0,3,Guus Hiddink,232,2,5,Valeriy Karpin,Away,0
2222813,121,3,6,Dan Petrescu,11126,1,16,Dorinel Munteanu,Home,1
2222813,11126,1,16,Dorinel Munteanu,121,3,6,Dan Petrescu,Away,0
2222814,1083,0,11,Miodrag Bozovic,3725,3,8,Stanislav Cherchesov,Home,0
2222814,3725,3,8,Stanislav Cherchesov,1083,0,11,Miodrag Bozovic,Away,1
2222815,964,2,2,Luciano Spalletti,2439,2,7,Leonid Kuchuk,Away,0
2222815,2439,2,7,Leonid Kuchuk,964,2,2,Luciano Spalletti,Home,0
2222816,12438,0,13,Yuriy Kalitvintsev,16704,2,8,Slavoljub Muslin,Away,0
2222816,16704,2,8,Slavoljub Muslin,12438,0,13,Yuriy Kalitvintsev,Home,1
2222817,932,0,10,Slaven Bilic,2439,0,6,Leonid Kuchuk,Away,0
2222817,2439,0,6,Leonid Kuchuk,932,0,10,Slaven Bilic,Home,0
2222818,232,1,7,Valeriy Karpin,11126,2,15,Dorinel Munteanu,Away,0
2222818,11126,2,15,Dorinel Munteanu,232,1,7,Valeriy Karpin,Home,1
2222819,964,4,2,Luciano Spalletti,2703,0,16,Valeriy Gazzaev,Home,1
2222819,2703,0,16,Valeriy Gazzaev,964,4,2,Luciano Spalletti,Away,0
2222820,2698,1,6,Kurban Berdyev,2700,2,3,Guus Hiddink,Away,0
2222820,2700,2,3,Guus Hiddink,2698,1,6,Kurban Berdyev,Home,1
2222821,2410,1,1,Leonid Slutski,3725,0,9,Stanislav Cherchesov,Home,1
2222821,3725,0,9,Stanislav Cherchesov,2410,1,1,Leonid Slutski,Away,0
2222822,932,3,10,Slaven Bilic,1083,1,11,Miodrag Bozovic,Home,1
2222822,1083,1,11,Miodrag Bozovic,932,3,10,Slaven Bilic,Away,0
2222823,3725,2,8,Stanislav Cherchesov,4128,1,12,Rustem Khuzin,Home,1
2222823,4128,1,12,Rustem Khuzin,3725,2,8,Stanislav Cherchesov,Away,0
2222957,339,3,2,Juande Ramos,2227,1,16,Oleg Luzhnyi,Home,1
2222957,2227,1,16,Oleg Luzhnyi,339,3,2,Juande Ramos,Away,0
2222958,6414,2,3,Myron Markevych,6993,0,13,Mykola Pavlov,Home,1
2222958,6993,0,13,Mykola Pavlov,6414,2,3,Myron Markevych,Away,0
2222959,660,6,1,Mircea Lucescu,9007,0,15,Leonid Kuchuk,Home,1
2222959,9007,0,15,Leonid Kuchuk,660,6,1,Mircea Lucescu,Away,0
2222960,6992,3,5,Roman Grygorchuk,6996,2,10,Oleksandr Sevidov,Home,1
2222960,6996,2,10,Oleksandr Sevidov,6992,3,5,Roman Grygorchuk,Away,0
2222961,338,1,6,Yuriy Semin,2783,0,12,Volodymyr Pyatenko,Home,1
2222961,2783,0,12,Volodymyr Pyatenko,338,1,6,Yuriy Semin,Away,0
2222962,2477,1,8,Pavel Kucherov,4482,1,9,Anatoliy Demyanenko,Away,0
2222962,4482,1,9,Anatoliy Demyanenko,2477,1,8,Pavel Kucherov,Home,0
2222963,6994,0,14,Igor Luchkevych,10690,2,4,Yuriy Vernydub,Away,0
2222963,10690,2,4,Yuriy Vernydub,6994,0,14,Igor Luchkevych,Home,1
2222964,2740,0,11,Vadym Yevtushenko,3592,1,7,Oleg Taran,Home,0
2222964,3592,1,7,Oleg Taran,2740,0,11,Vadym Yevtushenko,Away,1
2222965,2783,1,12,Volodymyr Pyatenko,6993,0,10,Mykola Pavlov,Away,1
2222965,6993,0,10,Mykola Pavlov,2783,1,12,Volodymyr Pyatenko,Home,0
2222966,2227,0,16,Oleg Luzhnyi,6414,1,4,Myron Markevych,Home,0
2222966,6414,1,4,Myron Markevych,2227,0,16,Oleg Luzhnyi,Away,1
2222967,2783,1,11,Volodymyr Pyatenko,10690,2,3,Yuriy Vernydub,Home,0
2222967,10690,2,3,Yuriy Vernydub,2783,1,11,Volodymyr Pyatenko,Away,1
2222968,339,4,2,Juande Ramos,6994,0,14,Igor Luchkevych,Away,1
2222968,6994,0,14,Igor Luchkevych,339,4,2,Juande Ramos,Home,0
2222969,2740,0,12,Vadym Yevtushenko,4482,1,7,Anatoliy Demyanenko,Away,0
2222969,4482,1,7,Anatoliy Demyanenko,2740,0,12,Vadym Yevtushenko,Home,1
2222970,338,1,5,Yuriy Semin,9007,0,15,Leonid Kuchuk,Away,1
2222970,9007,0,15,Leonid Kuchuk,338,1,5,Yuriy Semin,Home,0
2222971,2227,1,13,Oleg Luzhnyi,6994,0,15,Sergiy Kovalets,Home,1
2222971,6994,0,15,Sergiy Kovalets,2227,1,13,Oleg Luzhnyi,Away,0
2222972,338,3,3,Yuriy Semin,6996,1,16,Oleksandr Sevidov,Home,1
2222972,6996,1,16,Oleksandr Sevidov,338,3,3,Yuriy Semin,Away,0
2222973,2477,1,12,Pavel Kucherov,2740,3,9,Vadym Yevtushenko,Away,0
2222973,2740,3,9,Vadym Yevtushenko,2477,1,12,Pavel Kucherov,Home,1
2222974,660,1,1,Mircea Lucescu,3592,0,7,Oleg Taran,Home,1
2222974,3592,0,7,Oleg Taran,660,1,1,Mircea Lucescu,Away,0
2222975,4482,2,4,Anatoliy Demyanenko,6992,0,10,Roman Grygorchuk,Away,1
2222975,6992,0,10,Roman Grygorchuk,4482,2,4,Anatoliy Demyanenko,Home,0
2222976,3592,1,6,Oleg Taran,6992,0,9,Roman Grygorchuk,Home,1
2222976,6992,0,9,Roman Grygorchuk,3592,1,6,Oleg Taran,Away,0
2222977,660,3,1,Mircea Lucescu,6996,1,13,Oleksandr Sevidov,Away,1
2222977,6996,1,13,Oleksandr Sevidov,660,3,1,Mircea Lucescu,Home,0
2222978,2477,1,10,Pavel Kucherov,6993,5,8,Mykola Pavlov,Home,0
2222978,6993,5,8,Mykola Pavlov,2477,1,10,Pavel Kucherov,Away,1
2222979,339,2,2,Juande Ramos,2783,0,15,Volodymyr Pyatenko,Home,1
2222979,2783,0,15,Volodymyr Pyatenko,339,2,2,Juande Ramos,Away,0
2222980,2227,1,14,Oleg Luzhnyi,6993,0,8,Mykola Pavlov,Away,1
2222980,6993,0,8,Mykola Pavlov,2227,1,14,Oleg Luzhnyi,Home,0
2222981,9007,3,11,Leonid Kuchuk,10690,1,6,Yuriy Vernydub,Away,1
2222981,10690,1,6,Yuriy Vernydub,9007,3,11,Leonid Kuchuk,Home,0
2222982,2740,0,12,Vadym Yevtushenko,6992,1,9,Roman Grygorchuk,Home,0
2222982,6992,1,9,Roman Grygorchuk,2740,0,12,Vadym Yevtushenko,Away,1
2222983,6414,1,5,Myron Markevych,6994,1,13,Sergiy Kovalets,Home,0
2222983,6994,1,13,Sergiy Kovalets,6414,1,5,Myron Markevych,Away,0
2222984,660,4,1,Mircea Lucescu,4482,0,6,Anatoliy Demyanenko,Away,1
2222984,4482,0,6,Anatoliy Demyanenko,660,4,1,Mircea Lucescu,Home,0
2222985,338,1,2,Yuriy Semin,3592,0,8,Oleg Taran,Away,1
2222985,3592,0,8,Oleg Taran,338,1,2,Yuriy Semin,Home,0
2222986,2477,1,11,Nikolay Kostov,6992,1,7,Roman Grygorchuk,Away,0
2222986,6992,1,7,Roman Grygorchuk,2477,1,11,Nikolay Kostov,Home,0
2222987,2783,2,13,Volodymyr Pyatenko,6414,2,5,Myron Markevych,Home,0
2222987,6414,2,5,Myron Markevych,2783,2,13,Volodymyr Pyatenko,Away,0
2222988,660,4,1,Mircea Lucescu,2740,1,14,Vadym Yevtushenko,Home,1
2222988,2740,1,14,Vadym Yevtushenko,660,4,1,Mircea Lucescu,Away,0
2222989,2227,0,15,Oleg Luzhnyi,2477,2,10,Nikolay Kostov,Away,0
2222989,2477,2,10,Nikolay Kostov,2227,0,15,Oleg Luzhnyi,Home,1
2222990,6993,3,7,Mykola Pavlov,6994,0,14,Sergiy Kovalets,Away,1
2222990,6994,0,14,Sergiy Kovalets,6993,3,7,Mykola Pavlov,Home,0
2222991,339,1,3,Juande Ramos,9007,1,11,Leonid Kuchuk,Away,0
2222991,9007,1,11,Leonid Kuchuk,339,1,3,Juande Ramos,Home,0
2222992,3592,1,5,Oleg Taran,10690,0,4,Yuriy Vernydub,Away,1
2222992,10690,0,4,Yuriy Vernydub,3592,1,5,Oleg Taran,Home,0
2222993,6996,0,16,Oleksandr Sevidov,10690,1,4,Yuriy Vernydub,Home,0
2222993,10690,1,4,Yuriy Vernydub,6996,0,16,Oleksandr Sevidov,Away,1
2222994,6414,0,6,Myron Markevych,9007,1,9,Leonid Kuchuk,Home,0
2222994,9007,1,9,Leonid Kuchuk,6414,0,6,Myron Markevych,Away,1
2222995,339,4,3,Juande Ramos,6996,1,16,Oleksandr Sevidov,Home,1
2222995,6996,1,16,Oleksandr Sevidov,339,4,3,Juande Ramos,Away,0
2222996,6993,1,11,Mykola Pavlov,9007,2,7,Leonid Kuchuk,Away,0
2222996,9007,2,7,Leonid Kuchuk,6993,1,11,Mykola Pavlov,Home,1
2222997,338,4,2,Yuriy Semin,4482,1,8,Anatoliy Demyanenko,Home,1
2222997,4482,1,8,Anatoliy Demyanenko,338,4,2,Yuriy Semin,Away,0
2222998,3592,1,7,Oleg Taran,6414,3,4,Myron Markevych,Away,0
2222998,6414,3,4,Myron Markevych,3592,1,7,Oleg Taran,Home,1
2222999,2227,1,14,Oleg Luzhnyi,2783,1,13,Volodymyr Pyatenko,Away,0
2222999,2783,1,13,Volodymyr Pyatenko,2227,1,14,Oleg Luzhnyi,Home,0
2223000,660,5,1,Mircea Lucescu,6992,1,10,Roman Grygorchuk,Away,1
2223000,6992,1,10,Roman Grygorchuk,660,5,1,Mircea Lucescu,Home,0
2223001,6414,3,4,Myron Markevych,6996,0,16,Oleksandr Sevidov,Away,1
2223001,6996,0,16,Oleksandr Sevidov,6414,3,4,Myron Markevych,Home,0
2223002,2477,2,8,Nikolay Kostov,6994,1,15,Sergiy Kovalets,Home,1
2223002,6994,1,15,Sergiy Kovalets,2477,2,8,Nikolay Kostov,Away,0
2223003,339,0,3,Juande Ramos,3592,0,6,Oleg Taran,Away,0
2223003,3592,0,6,Oleg Taran,339,0,3,Juande Ramos,Home,0
2223004,4482,2,9,Anatoliy Demyanenko,10690,2,5,Yuriy Vernydub,Home,0
2223004,10690,2,5,Yuriy Vernydub,4482,2,9,Anatoliy Demyanenko,Away,0
2223005,338,0,2,Yuriy Semin,2740,1,12,Sergiy Svystun,Away,0
2223005,2740,1,12,Sergiy Svystun,338,0,2,Yuriy Semin,Home,1
2223006,2740,1,12,Sergiy Svystun,10690,1,5,Yuriy Vernydub,Away,0
2223006,10690,1,5,Yuriy Vernydub,2740,1,12,Sergiy Svystun,Home,0
2223007,6993,2,8,Mykola Pavlov,6996,0,16,Oleksandr Sevidov,Home,1
2223007,6996,0,16,Oleksandr Sevidov,6993,2,8,Mykola Pavlov,Away,0
2223008,339,2,2,Juande Ramos,2740,2,12,Sergiy Svystun,Away,0
2223008,2740,2,12,Sergiy Svystun,339,2,2,Juande Ramos,Home,0
2223009,660,3,1,Mircea Lucescu,2477,0,11,Nikolay Kostov,Home,1
2223009,2477,0,11,Nikolay Kostov,660,3,1,Mircea Lucescu,Away,0
2223010,339,2,3,Juande Ramos,4482,1,10,Anatoliy Demyanenko,Home,1
2223010,4482,1,10,Anatoliy Demyanenko,339,2,3,Juande Ramos,Away,0
2223011,338,1,3,Yuriy Semin,660,3,1,Mircea Lucescu,Away,0
2223011,660,3,1,Mircea Lucescu,338,1,3,Yuriy Semin,Home,1
2223012,338,2,2,Yuriy Semin,6992,0,13,Roman Grygorchuk,Home,1
2223012,6992,0,13,Roman Grygorchuk,338,2,2,Yuriy Semin,Away,0
2223013,6992,2,11,Roman Grygorchuk,10690,1,7,Yuriy Vernydub,Home,1
2223013,10690,1,7,Yuriy Vernydub,6992,2,11,Roman Grygorchuk,Away,0
2223014,6994,0,16,Anatoliy Zayaev,9007,3,5,Leonid Kuchuk,Away,0
2223014,9007,3,5,Leonid Kuchuk,6994,0,16,Anatoliy Zayaev,Home,1
2223015,2227,1,14,Oleg Luzhnyi,6996,2,15,Oleksandr Sevidov,Away,0
2223015,6996,2,15,Oleksandr Sevidov,2227,1,14,Oleg Luzhnyi,Home,1
2223016,4482,2,9,Anatoliy Demyanenko,6414,1,4,Myron Markevych,Home,1
2223016,6414,1,4,Myron Markevych,4482,2,9,Anatoliy Demyanenko,Away,0
2223017,2783,2,9,Yuriy Maksymov,6994,1,15,Sergiy Kovalets,Away,1
2223017,6994,1,15,Sergiy Kovalets,2783,2,9,Yuriy Maksymov,Home,0
2223018,3592,1,12,Oleg Taran,6996,1,15,Oleksandr Sevidov,Away,0
2223018,6996,1,15,Oleksandr Sevidov,3592,1,12,Oleg Taran,Home,0
2223019,2227,1,14,Oleg Luzhnyi,9007,1,6,Leonid Kuchuk,Home,0
2223019,9007,1,6,Leonid Kuchuk,2227,1,14,Oleg Luzhnyi,Away,0
2223020,2227,2,12,Oleg Luzhnyi,3592,0,10,Oleg Taran,Home,1
2223020,3592,0,10,Oleg Taran,2227,2,12,Oleg Luzhnyi,Away,0
2223021,339,1,2,Juande Ramos,6992,0,11,Roman Grygorchuk,Home,1
2223021,6992,0,11,Roman Grygorchuk,339,1,2,Juande Ramos,Away,0
2223022,338,3,3,Yuriy Semin,2477,1,14,Nikolay Kostov,Home,1
2223022,2477,1,14,Nikolay Kostov,338,3,3,Yuriy Semin,Away,0
2223023,2477,0,13,Nikolay Kostov,2783,1,8,Yuriy Maksymov,Home,0
2223023,2783,1,8,Yuriy Maksymov,2477,0,13,Nikolay Kostov,Away,1
2223024,4482,0,8,Anatoliy Demyanenko,6993,0,7,Mykola Pavlov,Away,0
2223024,6993,0,7,Mykola Pavlov,4482,0,8,Anatoliy Demyanenko,Home,0
2223025,2740,0,13,Sergiy Svystun,6414,4,4,Myron Markevych,Away,0
2223025,6414,4,4,Myron Markevych,2740,0,13,Sergiy Svystun,Home,1
2223026,4482,1,8,Anatoliy Demyanenko,9007,1,5,Leonid Kuchuk,Away,0
2223026,9007,1,5,Leonid Kuchuk,4482,1,8,Anatoliy Demyanenko,Home,0
2223027,660,3,1,Mircea Lucescu,10690,0,9,Yuriy Vernydub,Away,1
2223027,10690,0,9,Yuriy Vernydub,660,3,1,Mircea Lucescu,Home,0
2223028,3592,1,10,Oleg Taran,6993,2,6,Mykola Pavlov,Home,0
2223028,6993,2,6,Mykola Pavlov,3592,1,10,Oleg Taran,Away,1
2223029,6414,1,4,Myron Markevych,6992,1,13,Roman Grygorchuk,Away,0
2223029,6992,1,13,Roman Grygorchuk,6414,1,4,Myron Markevych,Home,0
2223030,338,1,2,Oleg Blokhin,10690,0,11,Yuriy Vernydub,Home,1
2223030,10690,0,11,Yuriy Vernydub,338,1,2,Oleg Blokhin,Away,0
2223031,2783,5,5,Yuriy Maksymov,9007,0,6,Leonid Kuchuk,Home,1
2223031,9007,0,6,Leonid Kuchuk,2783,5,5,Yuriy Maksymov,Away,0
2223032,339,1,3,Juande Ramos,660,2,1,Mircea Lucescu,Away,0
2223032,660,2,1,Mircea Lucescu,339,1,3,Juande Ramos,Home,1
2223033,6994,1,16,Vitaliy Kvartsyanyi,6996,1,15,Oleksandr Sevidov,Home,0
2223033,6996,1,15,Oleksandr Sevidov,6994,1,16,Vitaliy Kvartsyanyi,Away,0
2223034,2783,1,6,Yuriy Maksymov,6996,2,15,Oleksandr Sevidov,Away,0
2223034,6996,2,15,Oleksandr Sevidov,2783,1,6,Yuriy Maksymov,Home,1
2223035,2227,1,10,Oleg Luzhnyi,4482,0,9,Anatoliy Demyanenko,Away,1
2223035,4482,0,9,Anatoliy Demyanenko,2227,1,10,Oleg Luzhnyi,Home,0
2223036,2740,1,12,Sergiy Svystun,6993,0,7,Mykola Pavlov,Home,1
2223036,6993,0,7,Mykola Pavlov,2740,1,12,Sergiy Svystun,Away,0
2223037,2227,0,11,Oleg Luzhnyi,2740,0,12,Sergiy Svystun,Home,0
2223037,2740,0,12,Sergiy Svystun,2227,0,11,Oleg Luzhnyi,Away,0
2223038,660,2,1,Mircea Lucescu,6414,0,4,Myron Markevych,Away,1
2223038,6414,0,4,Myron Markevych,660,2,1,Mircea Lucescu,Home,0
2223039,3592,5,8,Oleg Taran,6994,0,16,Vitaliy Kvartsyanyi,Home,1
2223039,6994,0,16,Vitaliy Kvartsyanyi,3592,5,8,Oleg Taran,Away,0
2223040,6992,1,13,Roman Grygorchuk,6993,2,7,Mykola Pavlov,Away,0
2223040,6993,2,7,Mykola Pavlov,6992,1,13,Roman Grygorchuk,Home,1
2223041,4482,3,8,Anatoliy Demyanenko,6994,0,16,Vitaliy Kvartsyanyi,Away,1
2223041,6994,0,16,Vitaliy Kvartsyanyi,4482,3,8,Anatoliy Demyanenko,Home,0
2223042,2477,1,14,Nikolay Kostov,9007,1,5,Leonid Kuchuk,Home,0
2223042,9007,1,5,Leonid Kuchuk,2477,1,14,Nikolay Kostov,Away,0
2223043,2477,1,14,Nikolay Kostov,10690,2,9,Yuriy Vernydub,Away,0
2223043,10690,2,9,Yuriy Vernydub,2477,1,14,Nikolay Kostov,Home,1
2223044,338,1,3,Oleksiy Mykhaylychenko,339,2,2,Juande Ramos,Away,0
2223044,339,2,2,Juande Ramos,338,1,3,Oleksiy Mykhaylychenko,Home,1
2223045,339,2,2,Juande Ramos,10690,3,7,Yuriy Vernydub,Away,0
2223045,10690,3,7,Yuriy Vernydub,339,2,2,Juande Ramos,Home,1
2223046,338,1,3,Oleksiy Mykhaylychenko,6414,3,4,Myron Markevych,Home,0
2223046,6414,3,4,Myron Markevych,338,1,3,Oleksiy Mykhaylychenko,Away,1
2223047,6996,0,15,Oleksandr Sevidov,9007,2,5,Leonid Kuchuk,Away,0
2223047,9007,2,5,Leonid Kuchuk,6996,0,15,Oleksandr Sevidov,Home,1
2223048,2783,6,6,Yuriy Maksymov,3592,2,10,Oleg Taran,Home,1
2223048,3592,2,10,Oleg Taran,2783,6,6,Yuriy Maksymov,Away,0
2223049,2227,0,13,Oleg Luzhnyi,6992,1,12,Roman Grygorchuk,Away,0
2223049,6992,1,12,Roman Grygorchuk,2227,0,13,Oleg Luzhnyi,Home,1
2223050,660,2,1,Mircea Lucescu,6993,1,8,Mykola Pavlov,Home,1
2223050,6993,1,8,Mykola Pavlov,660,2,1,Mircea Lucescu,Away,0
2223051,2740,5,10,Sergiy Svystun,6994,0,16,Vitaliy Kvartsyanyi,Home,1
2223051,6994,0,16,Vitaliy Kvartsyanyi,2740,5,10,Sergiy Svystun,Away,0
2223052,660,1,1,Mircea Lucescu,2227,0,13,Oleg Luzhnyi,Away,1
2223052,2227,0,13,Oleg Luzhnyi,660,1,1,Mircea Lucescu,Home,0
2223053,2783,1,6,Yuriy Maksymov,4482,1,9,Anatoliy Demyanenko,Away,0
2223053,4482,1,9,Anatoliy Demyanenko,2783,1,6,Yuriy Maksymov,Home,0
2223054,338,0,3,Oleksiy Mykhaylychenko,6993,0,7,Mykola Pavlov,Away,0
2223054,6993,0,7,Mykola Pavlov,338,0,3,Oleksiy Mykhaylychenko,Home,0
2223055,2740,0,11,Sergiy Svystun,2783,0,6,Yuriy Maksymov,Away,0
2223055,2783,0,6,Yuriy Maksymov,2740,0,11,Sergiy Svystun,Home,0
2223056,3592,1,11,Oleg Taran,9007,1,5,Leonid Kuchuk,Home,0
2223056,9007,1,5,Leonid Kuchuk,3592,1,11,Oleg Taran,Away,0
2223057,2477,1,14,Nikolay Kostov,6996,1,15,Oleksandr Sevidov,Home,0
2223057,6996,1,15,Oleksandr Sevidov,2477,1,14,Nikolay Kostov,Away,0
2223058,6992,1,10,Roman Grygorchuk,6994,0,16,Vitaliy Kvartsyanyi,Away,1
2223058,6994,0,16,Vitaliy Kvartsyanyi,6992,1,10,Roman Grygorchuk,Home,0
2223059,6414,2,4,Myron Markevych,6993,0,11,Mykola Pavlov,Away,1
2223059,6993,0,11,Mykola Pavlov,6414,2,4,Myron Markevych,Home,0
2223060,339,3,2,Juande Ramos,6994,0,16,Vitaliy Kvartsyanyi,Home,1
2223060,6994,0,16,Vitaliy Kvartsyanyi,339,3,2,Juande Ramos,Away,0
2223061,2740,0,11,Sergiy Svystun,4482,1,7,Anatoliy Demyanenko,Home,0
2223061,4482,1,7,Anatoliy Demyanenko,2740,0,11,Sergiy Svystun,Away,1
2223062,339,2,2,Juande Ramos,2227,1,14,Oleg Luzhnyi,Away,1
2223062,2227,1,14,Oleg Luzhnyi,339,2,2,Juande Ramos,Home,0
2223063,339,2,2,Juande Ramos,2477,0,14,Nikolay Kostov,Home,1
2223063,2477,0,14,Nikolay Kostov,339,2,2,Juande Ramos,Away,0
2223064,6414,2,4,Myron Markevych,10690,0,9,Yuriy Vernydub,Home,1
2223064,10690,0,9,Yuriy Vernydub,6414,2,4,Myron Markevych,Away,0
2223065,2227,0,14,Oleg Luzhnyi,6414,5,4,Myron Markevych,Away,0
2223065,6414,5,4,Myron Markevych,2227,0,14,Oleg Luzhnyi,Home,1
2223066,2783,2,6,Yuriy Maksymov,10690,1,12,Yuriy Vernydub,Away,1
2223066,10690,1,12,Yuriy Vernydub,2783,2,6,Yuriy Maksymov,Home,0
2223067,3592,1,12,Oleg Taran,4482,0,7,Anatoliy Demyanenko,Home,1
2223067,4482,0,7,Anatoliy Demyanenko,3592,1,12,Oleg Taran,Away,0
2223068,338,4,3,Oleg Blokhin,9007,0,8,Leonid Kuchuk,Home,1
2223068,9007,0,8,Leonid Kuchuk,338,4,3,Oleg Blokhin,Away,0
2223069,660,5,1,Mircea Lucescu,6996,1,15,Oleksandr Sevidov,Home,1
2223069,6996,1,15,Oleksandr Sevidov,660,5,1,Mircea Lucescu,Away,0
2223070,2477,2,13,Nikolay Kostov,4482,0,10,Anatoliy Demyanenko,Home,1
2223070,4482,0,10,Anatoliy Demyanenko,2477,2,13,Nikolay Kostov,Away,0
2223071,2740,1,6,Sergiy Svystun,6996,1,15,Oleksandr Sevidov,Away,0
2223071,6996,1,15,Oleksandr Sevidov,2740,1,6,Sergiy Svystun,Home,0
2223072,6994,0,16,Vitaliy Kvartsyanyi,10690,0,12,Yuriy Vernydub,Home,0
2223072,10690,0,12,Yuriy Vernydub,6994,0,16,Vitaliy Kvartsyanyi,Away,0
2223073,6992,1,5,Roman Grygorchuk,6996,1,15,Oleksandr Sevidov,Away,0
2223073,6996,1,15,Oleksandr Sevidov,6992,1,5,Roman Grygorchuk,Home,0
2223074,338,0,3,Oleg Blokhin,2783,1,7,Yuriy Maksymov,Away,0
2223074,2783,1,7,Yuriy Maksymov,338,0,3,Oleg Blokhin,Home,1
2223075,2477,6,13,Nikolay Kostov,3592,0,12,Oleg Taran,Home,1
2223075,3592,0,12,Oleg Taran,2477,6,13,Nikolay Kostov,Away,0
2223076,2740,2,9,Sergiy Svystun,3592,3,8,Oleg Taran,Away,0
2223076,3592,3,8,Oleg Taran,2740,2,9,Sergiy Svystun,Home,1
2223077,660,0,1,Mircea Lucescu,9007,2,6,Leonid Kuchuk,Away,0
2223077,9007,2,6,Leonid Kuchuk,660,0,1,Mircea Lucescu,Home,1
2223078,6414,3,4,Myron Markevych,6994,1,16,Vitaliy Kvartsyanyi,Away,1
2223078,6994,1,16,Vitaliy Kvartsyanyi,6414,3,4,Myron Markevych,Home,0
2223079,339,0,2,Juande Ramos,6993,0,9,Mykola Pavlov,Away,0
2223079,6993,0,9,Mykola Pavlov,339,0,2,Juande Ramos,Home,0
2223080,338,5,3,Oleg Blokhin,6994,0,16,Vitaliy Kvartsyanyi,Away,1
2223080,6994,0,16,Vitaliy Kvartsyanyi,338,5,3,Oleg Blokhin,Home,0
2223081,2227,1,13,Oleg Luzhnyi,10690,0,11,Yuriy Vernydub,Home,1
2223081,10690,0,11,Yuriy Vernydub,2227,1,13,Oleg Luzhnyi,Away,0
2223082,2227,1,14,Oleg Luzhnyi,6993,0,9,Mykola Pavlov,Home,1
2223082,6993,0,9,Mykola Pavlov,2227,1,14,Oleg Luzhnyi,Away,0
2223083,339,2,2,Juande Ramos,6414,0,4,Myron Markevych,Home,1
2223083,6414,0,4,Myron Markevych,339,2,2,Juande Ramos,Away,0
2223084,2477,1,14,Nikolay Kostov,6414,2,4,Myron Markevych,Away,0
2223084,6414,2,4,Myron Markevych,2477,1,14,Nikolay Kostov,Home,1
2223085,660,4,1,Mircea Lucescu,2783,0,10,Yuriy Maksymov,Away,1
2223085,2783,0,10,Yuriy Maksymov,660,4,1,Mircea Lucescu,Home,0
2223086,2477,0,13,Nikolay Kostov,6993,2,9,Mykola Pavlov,Away,0
2223086,6993,2,9,Mykola Pavlov,2477,0,13,Nikolay Kostov,Home,1
2223087,6992,1,5,Roman Grygorchuk,9007,0,8,Leonid Kuchuk,Away,1
2223087,9007,0,8,Leonid Kuchuk,6992,1,5,Roman Grygorchuk,Home,0
2223088,2477,2,13,Nikolay Kostov,2740,0,12,Sergiy Svystun,Home,1
2223088,2740,0,12,Sergiy Svystun,2477,2,13,Nikolay Kostov,Away,0
2223089,4482,0,7,Anatoliy Demyanenko,6992,2,5,Roman Grygorchuk,Home,0
2223089,6992,2,5,Roman Grygorchuk,4482,0,7,Anatoliy Demyanenko,Away,1
2223090,2783,0,8,Yuriy Maksymov,6992,3,6,Roman Grygorchuk,Away,0
2223090,6992,3,6,Roman Grygorchuk,2783,0,8,Yuriy Maksymov,Home,1
2223091,339,0,2,Juande Ramos,2783,0,6,Yuriy Maksymov,Away,0
2223091,2783,0,6,Yuriy Maksymov,339,0,2,Juande Ramos,Home,0
2223092,3592,0,10,Oleg Taran,6992,2,5,Roman Grygorchuk,Away,0
2223092,6992,2,5,Roman Grygorchuk,3592,0,10,Oleg Taran,Home,1
2223093,9007,0,8,Leonid Kuchuk,10690,1,10,Yuriy Vernydub,Home,0
2223093,10690,1,10,Yuriy Vernydub,9007,0,8,Leonid Kuchuk,Away,1
2223094,2740,1,9,Sergiy Svystun,9007,0,7,Leonid Kuchuk,Home,1
2223094,9007,0,7,Leonid Kuchuk,2740,1,9,Sergiy Svystun,Away,0
2223095,4482,2,5,Anatoliy Demyanenko,6996,1,15,Oleksandr Sevidov,Home,1
2223095,6996,1,15,Oleksandr Sevidov,4482,2,5,Anatoliy Demyanenko,Away,0
2223096,660,2,1,Mircea Lucescu,6994,0,16,Vitaliy Kvartsyanyi,Home,1
2223096,6994,0,16,Vitaliy Kvartsyanyi,660,2,1,Mircea Lucescu,Away,0
2223097,338,2,3,Oleg Blokhin,2227,0,14,Oleg Luzhnyi,Home,1
2223097,2227,0,14,Oleg Luzhnyi,338,2,3,Oleg Blokhin,Away,0
2223098,338,4,3,Oleg Blokhin,6996,2,15,Oleksandr Sevidov,Away,1
2223098,6996,2,15,Oleksandr Sevidov,338,4,3,Oleg Blokhin,Home,0
2223099,4482,1,12,Anatoliy Demyanenko,10690,3,7,Yuriy Vernydub,Away,0
2223099,10690,3,7,Yuriy Vernydub,4482,1,12,Anatoliy Demyanenko,Home,1
2223100,6993,2,10,Mykola Pavlov,10690,2,11,Yuriy Vernydub,Away,0
2223100,10690,2,11,Yuriy Vernydub,6993,2,10,Mykola Pavlov,Home,0
2223101,660,2,1,Mircea Lucescu,3592,0,11,Oleg Taran,Away,1
2223101,3592,0,11,Oleg Taran,660,2,1,Mircea Lucescu,Home,0
2223102,2227,1,13,Oleg Luzhnyi,6994,0,16,Sergiy Zaytsev,Away,1
2223102,6994,0,16,Sergiy Zaytsev,2227,1,13,Oleg Luzhnyi,Home,0
2223103,2783,0,6,Yuriy Maksymov,6993,0,7,Mykola Pavlov,Home,0
2223103,6993,0,7,Mykola Pavlov,2783,0,6,Yuriy Maksymov,Away,0
2223104,6993,2,6,Mykola Pavlov,9007,1,13,Yuriy Bakalov,Home,1
2223104,9007,1,13,Yuriy Bakalov,6993,2,6,Mykola Pavlov,Away,0
2223105,6414,1,2,Myron Markevych,6996,0,15,Oleksandr Sevidov,Home,1
2223105,6996,0,15,Oleksandr Sevidov,6414,1,2,Myron Markevych,Away,0
2223106,338,1,4,Oleg Blokhin,2740,0,14,Sergiy Svystun,Home,1
2223106,2740,0,14,Sergiy Svystun,338,1,4,Oleg Blokhin,Away,0
2223107,2227,0,14,Oleg Luzhnyi,2477,2,11,Nikolay Kostov,Home,0
2223107,2477,2,11,Nikolay Kostov,2227,0,14,Oleg Luzhnyi,Away,1
2223108,2477,1,12,Nikolay Kostov,6992,2,5,Roman Grygorchuk,Home,0
2223108,6992,2,5,Roman Grygorchuk,2477,1,12,Nikolay Kostov,Away,1
2223109,339,1,2,Juande Ramos,6996,0,15,Oleksandr Sevidov,Away,1
2223109,6996,0,15,Oleksandr Sevidov,339,1,2,Juande Ramos,Home,0
2223110,338,1,4,Oleg Blokhin,3592,1,12,Oleg Taran,Home,0
2223110,3592,1,12,Oleg Taran,338,1,4,Oleg Blokhin,Away,0
2223111,2227,4,10,Oleg Luzhnyi,2783,3,9,Yuriy Maksymov,Home,1
2223111,2783,3,9,Yuriy Maksymov,2227,4,10,Oleg Luzhnyi,Away,0
2223112,660,3,1,Mircea Lucescu,6992,0,5,Roman Grygorchuk,Home,1
2223112,6992,0,5,Roman Grygorchuk,660,3,1,Mircea Lucescu,Away,0
2223113,660,1,1,Mircea Lucescu,2740,0,14,Sergiy Svystun,Away,1
2223113,2740,0,14,Sergiy Svystun,660,1,1,Mircea Lucescu,Home,0
2223114,6996,1,15,Oleksandr Sevidov,10690,2,8,Yuriy Vernydub,Away,0
2223114,10690,2,8,Yuriy Vernydub,6996,1,15,Oleksandr Sevidov,Home,1
2223115,339,3,2,Juande Ramos,9007,0,10,Yuriy Bakalov,Home,1
2223115,9007,0,10,Yuriy Bakalov,339,3,2,Juande Ramos,Away,0
2223116,660,4,1,Mircea Lucescu,4482,1,9,Anatoliy Demyanenko,Home,1
2223116,4482,1,9,Anatoliy Demyanenko,660,4,1,Mircea Lucescu,Away,0
2223117,2783,2,7,Yuriy Maksymov,6994,0,16,Sergiy Zaytsev,Home,1
2223117,6994,0,16,Sergiy Zaytsev,2783,2,7,Yuriy Maksymov,Away,0
2223118,6414,2,3,Myron Markevych,9007,1,11,Yuriy Bakalov,Away,1
2223118,9007,1,11,Yuriy Bakalov,6414,2,3,Myron Markevych,Home,0
2223119,3592,3,9,Oleg Taran,10690,0,8,Yuriy Vernydub,Home,1
2223119,10690,0,8,Yuriy Vernydub,3592,3,9,Oleg Taran,Away,0
2223120,338,2,4,Oleg Blokhin,4482,0,10,Anatoliy Demyanenko,Away,1
2223120,4482,0,10,Anatoliy Demyanenko,338,2,4,Oleg Blokhin,Home,0
2223121,2740,0,13,Sergiy Svystun,6992,1,5,Roman Grygorchuk,Away,0
2223121,6992,1,5,Roman Grygorchuk,2740,0,13,Sergiy Svystun,Home,1
2223122,2227,1,10,Oleg Luzhnyi,9007,1,12,Yuriy Bakalov,Away,0
2223122,9007,1,12,Yuriy Bakalov,2227,1,10,Oleg Luzhnyi,Home,0
2223123,339,1,4,Juande Ramos,4482,1,11,Anatoliy Demyanenko,Away,0
2223123,4482,1,11,Anatoliy Demyanenko,339,1,4,Juande Ramos,Home,0
2223124,2783,2,6,Yuriy Maksymov,6414,3,3,Myron Markevych,Away,0
2223124,6414,3,3,Myron Markevych,2783,2,6,Yuriy Maksymov,Home,1
