player_id,transfer_date,transfer_season,from_club_id,to_club_id,from_club_name,to_club_name,transfer_fee,market_value_in_eur,player_name
467994,2030-06-30,25/26,5621,749,Reggiana,FC Empoli,0.000,700000.000,Luca Belardinelli
739277,2027-05-30,26/27,42055,589,Genclik Gücü,Antalyaspor,0.000,,Yannick Nkurunziza
1043003,2027-01-27,26/27,114,405,Besiktas,Aston Villa,0.000,5000000.000,Yasin Özcan
282727,2026-12-31,25/26,49283,605,FC Juárez,Aris Saloniki,0.000,6000000.000,Monchu
371996,2026-12-31,26/27,6600,2410,Internacional,CSKA Moscow,0.000,3000000.000,Alerrandro
401533,2026-12-31,26/27,2029,2423,Ceará SC,Santa Clara,0.000,1500000.000,Matheusinho
462977,2026-12-31,26/27,605,978,Aris Saloniki,Vasco da Gama,0.000,3500000.000,Benjamín Garré
468256,2026-12-31,26/27,2035,16655,Avaí FC,Atlético-MG B,0.000,700000.000,Daniel Penha
541914,2026-12-31,26/27,713,1124,BATE Borisov,Fakel Voronezh,0.000,225000.000,Anton Kovalev
548993,2026-12-31,26/27,26459,53646,Veres Rivne,Polissya,0.000,400000.000,André Gonçalves
562734,2026-12-31,26/27,27190,7160,SH Port,Eyüpspor,0.000,1500000.000,Prince Ampem
589911,2026-12-31,26/27,2029,2423,Ceará SC,Santa Clara,0.000,2000000.000,Wendel
634023,2026-12-31,26/27,13379,53646,Cúcuta Dep.,Polissya,0.000,400000.000,Luifer Hernández
648076,2026-12-31,26/27,43146,1532,UCV FC,Albacete,0.000,350000.000,Jovanny Bolívar
657220,2026-12-31,26/27,6600,2410,Internacional,CSKA Moscow,0.000,4000000.000,Rodrigo Villagra
661858,2026-12-31,26/27,6985,5570,Oriente P.,The Strongest,0.000,200000.000,José Flores
672202,2026-12-31,26/27,17776,210,Chapecoense,Grêmio,0.000,1200000.000,Camilo
697943,2026-12-31,26/27,1186,2698,Torpedo Moscow,Rubin Kazan,0.000,250000.000,Nikita Korets
706176,2026-12-31,26/27,63007,6912,LNZ Cherkasy,Vizela,0.000,500000.000,Abdul Awudu
715379,2026-12-31,26/27,28098,49702,FC Kaluga,Pari NN,0.000,100000.000,Evgeniy Lukinykh
717203,2026-12-31,26/27,4078,660,Montréal,Shakhtar D.,0.000,300000.000,Ivan Losenko
762387,2026-12-31,26/27,34828,660,Istiqlol,Shakhtar D.,0.000,100000.000,Khusrav Toirov
766258,2026-12-31,26/27,199,1114,Corinthians,Al-Hilal,0.000,4500000.000,Kaio César
787618,2026-12-31,26/27,1444,46,Racing Club,Inter,0.000,10000000.000,Valentín Carboni
814273,2026-12-31,26/27,17276,41231,ZJ FC,FK Sochi,0.000,1200000.000,Saúl Guarirapa
831162,2026-12-31,26/27,1030,430,Argentinos Jrs.,Fiorentina,0.000,500000.000,Gino Infantino
837974,2026-12-31,26/27,11855,1444,Guaraní,Racing Club,0.000,700000.000,Patricio Tanda
842479,2026-12-31,26/27,6478,43,LD Alajuelense,Heart of Midl.,0.000,750000.000,Kenneth Vargas
912491,2026-12-31,26/27,3723,100383,M. Lipetsk,Fakel II,0.000,,Shota Chikhradze
926979,2026-12-31,26/27,8995,1177,Hødd,Silkeborg IF,0.000,100000.000,Sebastian Biller
927271,2026-12-31,26/27,16198,16704,Atyrau,Krasnodar,0.000,250000.000,Konstantin Dorofeev
929626,2026-12-31,26/27,1011,2778,Halmstads BK,Nordsjaelland,0.000,500000.000,William Lykke
946396,2026-12-31,26/27,4394,14589,Dnepr Mogilev,Orenburg,0.000,100000.000,Timofey Martynov
950593,2026-12-31,26/27,1444,410,Racing Club,Udinese,0.000,2500000.000,Damián Pizarro
993645,2026-12-31,26/27,288,46,Estudiantes LP,Inter,0.000,3500000.000,Tomás Palacios
1017261,2026-12-31,26/27,195,190,Rosenborg,Copenhagen,0.000,3000000.000,Amin Chiakha
1031575,2026-12-31,26/27,55686,26468,Metalist 1925,Dep. La Guaira,0.000,700000.000,Sebastián Castillo
1101761,2026-12-31,26/27,3592,17522,Kryvbas,Árabe Unido,0.000,300000.000,Giovany Herbert
1105073,2026-12-31,26/27,6992,20960,Chornomorets,Plaza Amador,0.000,100000.000,Anel Ryce
1126427,2026-12-31,26/27,93338,26468,Rayo Zuliano,Dep. La Guaira,0.000,50000.000,Maiken González
1152154,2026-12-31,25/26,330,720,Atlético-MG,Porto,0.000,3000000.000,Tomás Pérez
1243090,2026-12-31,26/27,72822,1124,Dzerzhinsk,Fakel Voronezh,0.000,50000.000,Ilya Vasin
1091519,2026-12-01,26/27,11086,14390,Treze,Brusque,0.000,,Caio Gomes
633645,2026-10-26,25/26,2802,987,Airdrieonians,Motherwell FC,0.000,50000.000,Matty Connelly
574660,2026-08-31,26/27,159,964,Red Star,Zenit S-Pb,0.000,7500000.000,Strahinja Erakovic
116598,2026-07-07,26/27,190,3622,Copenhagen,Värnamo,0.000,2000000.000,Viktor Claesson
16136,2026-07-01,26/27,417,123,Nice,Retired,,500000.000,Dante
16306,2026-07-01,26/27,985,515,Man Utd,Without Club,,8000000.000,Casemiro
77710,2026-07-01,26/27,114,123,Besiktas,Retired,,100000.000,Necip Uysal
93844,2026-07-01,26/27,86,515,Werder Bremen,Without Club,,1200000.000,Leonardo Bittencourt
106270,2026-07-01,26/27,3,123,1.FC Köln,Retired,,1000000.000,Florian Kainz
134883,2026-07-01,26/27,862,93797,Chievo Verona,Al-Ittifaq,,250000.000,Daniele Baselli
140554,2026-07-01,25/26,903,515,Hibernian FC,Without Club,,400000.000,Martin Boyle
153084,2026-07-01,26/27,27,515,Bayern Munich,Without Club,,15000000.000,Leon Goretzka
165334,2026-07-01,26/27,988,43,Oxford United,Heart of Midl.,0.000,700000.000,Stuart Findlay
166601,2026-07-01,26/27,16,515,Dortmund,Without Club,,4000000.000,Niklas Süle
168063,2026-07-01,26/27,265,515,Panathinaikos,Without Club,,400000.000,Filip Mladenovic
186763,2026-07-01,26/27,724,123,FC Volendam,Retired,,200000.000,Robert Mühren
187492,2026-07-01,26/27,16,515,Dortmund,Without Club,,20000000.000,Julian Brandt
205006,2026-07-01,26/27,2113,515,Career break,Without Club,,2500000.000,Rick Karsdorp
223979,2026-07-01,26/27,23826,515,Leipzig,Without Club,,10000000.000,Xaver Schlager
237658,2026-07-01,26/27,1025,4172,Bologna,Pisa,4500000.000,4500000.000,Michel Aebischer
244940,2026-07-01,26/27,16,515,Dortmund,Without Club,,3500000.000,Salih Özcan
247377,2026-07-01,26/27,1025,515,Bologna,Without Club,,300000.000,Kevin Bonifazi
257474,2026-07-01,26/27,416,6195,Torino,Napoli,6000000.000,20000000.000,Vanja Milinković-Savić
282388,2026-07-01,26/27,6195,416,Napoli,Torino,6000000.000,5000000.000,Giovanni Simeone
293228,2026-07-01,26/27,458,589,Palermo,Antalyaspor,,700000.000,Dario Saric
345911,2026-07-01,26/27,12321,543,Girona,Wolves,7500000.000,22000000.000,Ladislav Krejci
356197,2026-07-01,26/27,1050,398,Villarreal,Lazio,0.000,2500000.000,Alfonso Pedraza
370846,2026-07-01,26/27,506,244,Juventus,Marseille,14400000.000,20000000.000,Timothy Weah
392538,2026-07-01,26/27,5,1025,AC Milan,Bologna,7000000.000,9000000.000,Tommaso Pobega
398808,2026-07-01,26/27,16795,605,Granada CF,Aris Saloniki,1300000.000,1200000.000,Martin Hongla
402010,2026-07-01,26/27,2410,820,CSKA Moscow,Genclerbirligi,1600000.000,3000000.000,Sékou Koïta
413605,2026-07-01,26/27,2239,515,Cremonese,Without Club,,1500000.000,David Okereke
428502,2026-07-01,26/27,132,515,NAC Breda,Without Club,,850000.000,Boy Kemper
454567,2026-07-01,26/27,294,114,Benfica,Besiktas,30000000.000,25000000.000,Orkun Kökçü
467434,2026-07-01,26/27,18,23826,Mönchengladbach,Leipzig,20000000.000,20000000.000,Rocco Reitz
515050,2026-07-01,26/27,1083,16704,Rostov,Krasnodar,1550000.000,3000000.000,Ilya Vakhania
538918,2026-07-01,26/27,46,1390,Inter,Cagliari,4000000.000,9000000.000,Sebastiano Esposito
540927,2026-07-01,26/27,1269,515,PEC Zwolle,Without Club,,1000000.000,Kaj de Rooij
550829,2026-07-01,26/27,15,383,Leverkusen,PSV,5000000.000,7000000.000,Matej Kovar
559328,2026-07-01,26/27,667,631,R. Strasbourg,Chelsea,,28000000.000,Emmanuel Emegha
564620,2026-07-01,26/27,1269,123,PEC Zwolle,Retired,,150000.000,Samir Lagsir
590410,2026-07-01,26/27,371,2760,Celtic,Partick Thistle,,125000.000,Josh Clarke
613975,2026-07-01,26/27,443,5767,Vejle BK,Middelfart,0.000,50000.000,Tobias Haahr
623325,2026-07-01,26/27,660,294,Shakhtar D.,Benfica,20250000.000,28000000.000,Georgiy Sudakov
659813,2026-07-01,26/27,15,11,Leverkusen,Arsenal,52000000.000,50000000.000,Piero Hincapié
667251,2026-07-01,26/27,496,18,Malmö,Mönchengladbach,2000000.000,6000000.000,Hugo Bolin
667263,2026-07-01,26/27,10803,515,Spakenburg,Without Club,,,Jeffry Puriel
692187,2026-07-01,26/27,260,4172,FC Zürich,Pisa,1000000.000,500000.000,Daniel Denoon
701819,2026-07-01,26/27,276,12,Hellas Verona,Roma,8000000.000,8000000.000,Daniele Ghilardi
703772,2026-07-01,26/27,1435,512,Go Ahead Eagles,Stoke City,5500000.000,2000000.000,Milan Smit
741257,2026-07-01,26/27,5,989,AC Milan,Bournemouth,18500000.000,22000000.000,Álex Jiménez
765467,2026-07-01,26/27,2502,367,Castellón,Rayo Vallecano,1500000.000,2500000.000,Jozhua Vertrouwd
800919,2026-07-01,26/27,8815,206,Bröndby IF U19,Bröndby IF,,300000.000,Lukas Larsen
800948,2026-07-01,26/27,58,8023,RSC Anderlecht,Al-Ittihad,15000000.000,12000000.000,Jan-Carlo Simić
825971,2026-07-01,26/27,2589,2036,Sonnenhof-Gr.,Heidenheim,0.000,150000.000,Luka Janes
843286,2026-07-01,26/27,1234,4172,Independiente,Pisa,5500000.000,8000000.000,Felipe Loyola
926991,2026-07-01,26/27,9054,865,Midtjylland U19,Midtjylland,,400000.000,Jonatan Lindekilde
973449,2026-07-01,26/27,77,43,Vardar,Heart of Midl.,0.000,700000.000,Rogers Mato
981194,2026-07-01,26/27,1096,354,Royal Antwerp,KV Mechelen,0.000,1000000.000,Kobe Corbanie
986288,2026-07-01,26/27,1420,36,Angers SCO,Fenerbahçe,18000000.000,18000000.000,Sidiki Chérif
1004301,2026-07-01,26/27,273,31,Stade Rennais,Liverpool,63600000.000,20000000.000,Jérémy Jacquet
1034853,2026-07-01,26/27,150,367,Real Betis,Rayo Vallecano,2400000.000,6000000.000,Nobel Mendy
1065122,2026-07-01,26/27,43563,515,Jong Cercle,Without Club,,,Ono Vanackere
1086461,2026-07-01,26/27,15642,1177,Silkeborg U19,Silkeborg IF,,,William Kirk
1138758,2026-07-01,26/27,336,631,Sporting,Chelsea,50780000.000,42000000.000,Geovany Quenda
1209442,2026-07-01,26/27,9066,678,Aarhus GF U19,Aarhus GF,,25000.000,Oskar Haugstrup
1229313,2026-07-01,26/27,6304,8429,KSV Oudenaarde,KRC Waregem,0.000,,Leko Verbauwhede
1319440,2026-07-01,26/27,20277,38006,Girona U19,Girona FC B,,,Jordi Danso
30321,2026-06-30,26/27,367,515,Rayo Vallecano,Without Club,,400000.000,Óscar Trejo
43824,2026-06-30,25/26,33,2036,FC Schalke 04,Heidenheim,0.000,300000.000,Kevin Müller
74857,2026-06-30,25/26,12321,131,Girona,Barcelona,0.000,4000000.000,Marc-André ter Stegen
75489,2026-06-30,25/26,5,379,AC Milan,West Ham,0.000,8000000.000,Niclas Füllkrug
111426,2026-06-30,25/26,252,455,Genoa,FC Rapid 1923,0.000,600000.000,Benjamin Siegrist
113707,2026-06-30,25/26,995,683,FC Nantes,Olympiacos,0.000,1500000.000,Rémy Cabella
120205,2026-06-30,25/26,167,206,Augsburg,Bröndby IF,0.000,1500000.000,Michael Gregoritsch
124419,2026-06-30,25/26,368,762,Sevilla FC,Newcastle,0.000,4000000.000,Odysseas Vlachodimos
128223,2026-06-30,25/26,1047,5,Como,AC Milan,0.000,8000000.000,Álvaro Morata
128901,2026-06-30,25/26,358,1112,Charlton,Wrexham,0.000,1500000.000,Conor Coady
145988,2026-06-30,25/26,78435,141,Charlotte,Galatasaray,0.000,4000000.000,Wilfried Zaha
149729,2026-06-30,25/26,2441,114,AEK Athens,Besiktas,0.000,1800000.000,João Mário
156941,2026-06-30,25/26,3008,449,Hull City,Trabzonspor,0.000,2000000.000,John Lundstram
162038,2026-06-30,25/26,13509,367,Al-Wakrah SC,Rayo Vallecano,0.000,500000.000,Raúl de Tomás
162959,2026-06-30,25/26,430,506,Fiorentina,Juventus,0.000,2000000.000,Daniele Rugani
168063,2026-06-30,25/26,6646,265,Karagümrük,Panathinaikos,0.000,400000.000,Filip Mladenovic
177964,2026-06-30,25/26,13509,26629,Al-Wakrah SC,Al-Markhiya SC,0.000,650000.000,Yusupha Njie
181380,2026-06-30,25/26,826,289,Lens,Sunderland,0.000,2500000.000,Arthur Masuaku
181579,2026-06-30,25/26,1132,379,Burnley,West Ham,0.000,6000000.000,James Ward-Prowse
182712,2026-06-30,25/26,131,1114,Barcelona,Al-Hilal,0.000,9000000.000,João Cancelo
182893,2026-06-30,25/26,720,273,Porto,Stade Rennais,0.000,8000000.000,Seko Fofana
183383,2026-06-30,25/26,520,157,Cercle Brugge,KAA Gent,0.000,800000.000,Pieter Gerkens
187188,2026-06-30,25/26,8024,317,Arouca,FC Twente,0.000,800000.000,Bas Kuipers
188888,2026-06-30,25/26,39,331,Mainz,CA Osasuna,0.000,1500000.000,Sheraldo Becker
190268,2026-06-30,25/26,63993,2381,Sabah FK,Sivasspor,0.000,750000.000,Veljko Simic
192616,2026-06-30,25/26,6574,244,Sassuolo,Marseille,0.000,3000000.000,Ulisses Garcia
195633,2026-06-30,25/26,984,180,West Brom,Southampton,0.000,2000000.000,Charlie Taylor
195778,2026-06-30,25/26,79,27,Stuttgart,Bayern Munich,0.000,12000000.000,Alexander Nübel
197126,2026-06-30,25/26,142,279,Real Zaragoza,Ferencváros,0.000,500000.000,Kenan Kodro
197642,2026-06-30,25/26,677,610,Ipswich,Ajax,0.000,6000000.000,Chuba Akpom
198015,2026-06-30,25/26,1532,683,Albacete,Olympiacos,0.000,600000.000,Jefté Betancor
199927,2026-06-30,25/26,6646,8970,Karagümrük,Frosinone,0.000,400000.000,Davide Biraschi
203123,2026-06-30,25/26,18,533,Mönchengladbach,Hoffenheim,0.000,3000000.000,Haris Tabakovic
203460,2026-06-30,25/26,29,281,Everton,Man City,0.000,25000000.000,Jack Grealish
203938,2026-06-30,25/26,1420,610,Angers SCO,Ajax,0.000,2500000.000,Branco van den Boomen
205562,2026-06-30,25/26,12321,13,Girona,Atlético,0.000,2000000.000,Thomas Lemar
206888,2026-06-30,25/26,53646,9840,Polissya,Al-Shabab,0.000,2500000.000,Georgiy Bushchan
208172,2026-06-30,25/26,120,1390,Kocaelispor,Cagliari,0.000,1200000.000,Mateusz Wieteska
214238,2026-06-30,25/26,2696,232,KS Samara,Spartak Moscow,0.000,1500000.000,Nikita Chernov
216569,2026-06-30,25/26,506,417,Juventus,Nice,0.000,8000000.000,Jérémie Boga
216603,2026-06-30,25/26,10484,36,Kasimpasa,Fenerbahçe,0.000,3500000.000,İrfan Can Kahveci
217115,2026-06-30,26/27,368,244,Sevilla FC,Marseille,0.000,4000000.000,Neal Maupay
221958,2026-06-30,25/26,1041,683,Lyon,Olympiacos,0.000,2500000.000,Roman Yaremchuk
223025,2026-06-30,25/26,2381,820,Sivasspor,Genclerbirligi,0.000,400000.000,Gökhan Akkan
223974,2026-06-30,25/26,39,1047,Mainz,Como,0.000,5500000.000,Stefan Posch
226025,2026-06-30,25/26,1390,1047,Cagliari,Como,0.000,1400000.000,Luca Mazzitelli
226073,2026-06-30,25/26,6646,350,Karagümrük,Sheff Utd,0.000,1200000.000,Ivo Grbic
234509,2026-06-30,25/26,449,985,Trabzonspor,Man Utd,0.000,12000000.000,André Onana
234781,2026-06-30,25/26,252,379,Genoa,West Ham,0.000,5000000.000,Maxwel Cornet
234850,2026-06-30,25/26,1091,3711,PAOK,CD Cruz Azul,0.000,7000000.000,Georgios Giakoumakis
237658,2026-06-30,25/26,4172,1025,Pisa,Bologna,0.000,4500000.000,Michel Aebischer
238266,2026-06-30,25/26,681,1041,Real Sociedad,Lyon,0.000,3000000.000,Duje Caleta-Car
238639,2026-06-30,25/26,11282,167,Alanyaspor,Augsburg,0.000,1800000.000,Steve Mounié
239743,2026-06-30,25/26,273,141,Stade Rennais,Galatasaray,0.000,7000000.000,Przemyslaw Frankowski
241076,2026-06-30,25/26,458,749,Palermo,FC Empoli,0.000,1000000.000,Emmanuel Gyasi
241324,2026-06-30,25/26,724,2068,FC Volendam,Raja Casablanca,0.000,800000.000,Bilal Ould-Chikh
243188,2026-06-30,25/26,3205,89,Kayserispor,Union Berlin,0.000,2800000.000,László Bénes
244260,2026-06-30,25/26,3426,2553,Esbjerg fB,Kilmarnock FC,0.000,550000.000,Robby McCrorie
247915,2026-06-30,25/26,15,18,Leverkusen,Mönchengladbach,0.000,1500000.000,Jonas Omlin
249121,2026-06-30,25/26,605,31614,Aris Saloniki,Ludogorets,0.000,900000.000,Noah Sonko Sundberg
249952,2026-06-30,25/26,6646,6890,Karagümrük,Basaksehir,0.000,1500000.000,Berkay Özcan
250013,2026-06-30,25/26,28844,826,Al-Taawoun,Lens,0.000,5000000.000,Angelo Fulgini
251309,2026-06-30,25/26,370,533,Aberdeen FC,Hoffenheim,0.000,1500000.000,Dennis Geiger
256339,2026-06-30,25/26,2239,1047,Cremonese,Como,0.000,3200000.000,Emil Audero
256361,2026-06-30,25/26,6646,3522,Karagümrük,Spezia Calcio,0.000,700000.000,Daniele Verde
256942,2026-06-30,25/26,2745,63007,Pol. Warsaw,LNZ Cherkasy,0.000,600000.000,Hajdin Salihu
256977,2026-06-30,25/26,683,9840,Olympiacos,Al-Shabab,0.000,5000000.000,Daniel Podence
257097,2026-06-30,25/26,988,124,Oxford United,Rangers,0.000,1800000.000,Ben Davies
257455,2026-06-30,25/26,148,27,Tottenham,Bayern Munich,0.000,18000000.000,João Palhinha
257474,2026-06-30,25/26,6195,416,Napoli,Torino,0.000,20000000.000,Vanja Milinković-Savić
258027,2026-06-30,25/26,265,583,Panathinaikos,PSG,0.000,2000000.000,Renato Sanches
258923,2026-06-30,25/26,131,985,Barcelona,Man Utd,0.000,40000000.000,Marcus Rashford
263361,2026-06-30,25/26,86,399,Werder Bremen,Leeds,0.000,3000000.000,Maximilian Wöber
263380,2026-06-30,25/26,324,533,Pogon Szczecin,Hoffenheim,0.000,2000000.000,Attila Szalai
263962,2026-06-30,25/26,41231,232,FK Sochi,Spartak Moscow,0.000,2500000.000,Anton Zinkovskiy
265078,2026-06-30,25/26,2919,1047,Monza,Como,0.000,5000000.000,Patrick Cutrone
268429,2026-06-30,25/26,276,410,Hellas Verona,Udinese,0.000,6000000.000,Sandi Lovrić
268670,2026-06-30,25/26,367,16795,Rayo Vallecano,Granada CF,0.000,1400000.000,Gerard Gumbau
271495,2026-06-30,25/26,589,3008,Antalyaspor,Hull City,0.000,2200000.000,Abdülkadir Ömür
272638,2026-06-30,25/26,7160,9465,Eyüpspor,Petrolul,0.000,250000.000,Jérôme Onguéné
275249,2026-06-30,25/26,105,415,Darmstadt 98,Toulouse,0.000,1500000.000,Niklas Schmidt
275303,2026-06-30,25/26,1041,273,Lyon,Stade Rennais,0.000,2000000.000,Hans Hateboer
279009,2026-06-30,25/26,105,39,Darmstadt 98,Mainz,0.000,1500000.000,Marco Richter
280491,2026-06-30,25/26,518,7160,Sariyerspor,Eyüpspor,0.000,250000.000,Fethi Özer
281404,2026-06-30,25/26,4035,366,Pachuca,Real Valladolid,0.000,700000.000,Kenedy
282388,2026-06-30,25/26,416,6195,Torino,Napoli,0.000,5000000.000,Giovanni Simeone
282810,2026-06-30,25/26,605,940,Aris Saloniki,Celta de Vigo,0.000,1800000.000,Carles Pérez
283166,2026-06-30,25/26,7160,10010,Eyüpspor,EC Bahia,0.000,2000000.000,Marcos Felipe
283170,2026-06-30,25/26,1531,131,Elche CF,Barcelona,0.000,5000000.000,Iñaki Peña
284701,2026-06-30,25/26,71665,720,Al-Okhdood,Porto,0.000,900000.000,Samuel Portugal
284730,2026-06-30,25/26,46,281,Inter,Man City,0.000,22000000.000,Manuel Akanji
284876,2026-06-30,25/26,6070,2441,Al-Khaleej,AEK Athens,0.000,700000.000,Paolo Fernandes
287183,2026-06-30,25/26,3205,1091,Kayserispor,PAOK,0.000,5000000.000,Fedor Chalov
287579,2026-06-30,25/26,150,36,Real Betis,Fenerbahçe,0.000,12000000.000,Sofyan Amrabat
289404,2026-06-30,25/26,50532,44006,Damac FC,Bodrum FK,0.000,350000.000,Jonathan Okita
289648,2026-06-30,25/26,520,157,Cercle Brugge,KAA Gent,0.000,2000000.000,Dante Vanzeir
290261,2026-06-30,25/26,60949,157,Volos NFC,KAA Gent,0.000,600000.000,Núrio Fortuna
292808,2026-06-30,25/26,162,1003,Monaco,Leicester,0.000,12000000.000,Wout Faes
293213,2026-06-30,25/26,3008,114,Hull City,Besiktas,0.000,4200000.000,Amir Hadziahmetovic
293228,2026-06-30,25/26,589,458,Antalyaspor,Palermo,0.000,700000.000,Dario Saric
300308,2026-06-30,25/26,4603,2063,AE Larisa,Huracán,0.000,250000.000,Leandro Garate
311333,2026-06-30,25/26,5587,1047,Juve Stabia,Como,0.000,500000.000,Alessandro Gabrielloni
312493,2026-06-30,25/26,468,467,Sparta R.,NEC Nijmegen,0.000,1000000.000,Vito van Crooij
322873,2026-06-30,25/26,152,36,Samsunspor,Fenerbahçe,0.000,1500000.000,İrfan Can Eğribayat
324344,2026-06-30,25/26,385,265,Fortuna Sittard,Panathinaikos,0.000,800000.000,Dimitrios Limnios
324377,2026-06-30,25/26,2239,1005,Cremonese,Lecce,0.000,1000000.000,Youssef Maleh
324811,2026-06-30,25/26,273,39,Stade Rennais,Mainz,0.000,4000000.000,Arnaud Nordin
326029,2026-06-30,25/26,12,405,Roma,Aston Villa,0.000,25000000.000,Donyell Malen
329145,2026-06-30,25/26,1047,36,Como,Fenerbahçe,0.000,8500000.000,Diego Carlos
329517,2026-06-30,25/26,6070,683,Al-Khaleej,Olympiacos,0.000,1800000.000,Georgios Masouras
329722,2026-06-30,25/26,3302,1075,UD Almería,Braga,0.000,2000000.000,André Horta
330208,2026-06-30,25/26,1091,252,PAOK,Genoa,0.000,2500000.000,Alessandro Vogliacco
331739,2026-06-30,25/26,1100,44,Brann,Hertha BSC,0.000,800000.000,Jón Dagur Thorsteinsson
333640,2026-06-30,25/26,468,383,Sparta R.,PSV,0.000,2500000.000,Joël Drommel
334440,2026-06-30,25/26,2696,964,KS Samara,Zenit S-Pb,0.000,1500000.000,Ilzat Akhmetov
337036,2026-06-30,25/26,38,60,F. Düsseldorf,Freiburg,0.000,1800000.000,Florent Muslija
337290,2026-06-30,25/26,465,2805,St. Mirren,Wycombe,0.000,300000.000,Shamal George
338070,2026-06-30,25/26,12,31,Roma,Liverpool,0.000,10000000.000,Konstantinos Tsimikas
338285,2026-06-30,25/26,1049,940,Valencia,Celta de Vigo,0.000,3500000.000,Unai Núñez
339332,2026-06-30,25/26,141,6195,Galatasaray,Napoli,0.000,25000000.000,Noa Lang
339707,2026-06-30,25/26,10920,656,Umm Salal SC,Al-Sadd,0.000,4500000.000,Cristo
340325,2026-06-30,25/26,1148,11,Brentford,Arsenal,0.000,12000000.000,Reiss Nelson
340538,2026-06-30,25/26,70178,49702,M. Bnei Reineh,Pari NN,0.000,375000.000,Zé Turbo
341647,2026-06-30,25/26,114,36,Besiktas,Fenerbahçe,0.000,6000000.000,Cengiz Ünder
342039,2026-06-30,25/26,167,79,Augsburg,Stuttgart,0.000,2000000.000,Yannik Keitel
342877,2026-06-30,25/26,416,410,Torino,Udinese,0.000,1500000.000,Enzo Ebosse
343463,2026-06-30,25/26,180,237,Southampton,RCD Mallorca,0.000,3500000.000,Cyle Larin
343475,2026-06-30,25/26,206,800,Bröndby IF,Atalanta,0.000,5500000.000,Ben Godfrey
344864,2026-06-30,25/26,157,995,KAA Gent,FC Nantes,0.000,2000000.000,Jean-Kévin Duverne
345458,2026-06-30,25/26,6574,416,Sassuolo,Torino,0.000,4500000.000,Sebastian Walukiewicz
345911,2026-06-30,25/26,543,12321,Wolves,Girona,0.000,22000000.000,Ladislav Krejci
346472,2026-06-30,25/26,820,1010,Genclerbirligi,Watford,0.000,1800000.000,Tom Dele-Bashiru
346546,2026-06-30,25/26,3911,162,Stade Brestois,Monaco,0.000,4000000.000,Radoslaw Majecki
348623,2026-06-30,25/26,4630,6297,Al-Sailiya SC,Al-Gharafa,0.000,3000000.000,Mason Holgate
348863,2026-06-30,25/26,724,2832,FC Volendam,Gaziantep FK,0.000,2200000.000,Juninho Bacuna
349503,2026-06-30,25/26,1020,677,Portsmouth,Ipswich,0.000,4000000.000,Conor Chaplin
349536,2026-06-30,25/26,2157,8024,Blau Weiss Linz,Arouca,0.000,1000000.000,Nico Mantl
351816,2026-06-30,25/26,419,5,Dinamo Zagreb,AC Milan,0.000,9000000.000,Ismaël Bennacer
353366,2026-06-30,25/26,244,46,Marseille,Inter,0.000,20000000.000,Benjamin Pavard
354814,2026-06-30,25/26,6574,430,Sassuolo,Fiorentina,0.000,6000000.000,M'Bala Nzola
354909,2026-06-30,25/26,2921,607,Pescara,Venezia,0.000,800000.000,Giorgio Altare
355369,2026-06-30,25/26,7179,1421,Tondela,Stade Reims,0.000,2000000.000,Jordan
357117,2026-06-30,25/26,265,995,Panathinaikos,FC Nantes,0.000,3000000.000,Alban Lafont
357162,2026-06-30,25/26,1132,294,Burnley,Benfica,0.000,20000000.000,Florentino
357628,2026-06-30,25/26,1050,368,Villarreal,Sevilla FC,0.000,3000000.000,Alfon González
357917,2026-06-30,25/26,385,338,Fortuna Sittard,Dynamo Kyiv,0.000,800000.000,Justin Lonwijk
358032,2026-06-30,25/26,714,6195,Espanyol,Napoli,0.000,8000000.000,Cyril Ngonge
358166,2026-06-30,25/26,6890,12,Basaksehir,Roma,0.000,7000000.000,Eldor Shomurodov
360140,2026-06-30,25/26,3901,58,La Louvière,RSC Anderlecht,0.000,700000.000,Majeed Ashimeru
360791,2026-06-30,25/26,265,1030,Panathinaikos,Argentinos Jrs.,0.000,900000.000,Lucas Chaves
361254,2026-06-30,25/26,1531,368,Elche CF,Sevilla FC,0.000,4000000.000,Rafa Mir
361575,2026-06-30,25/26,63993,269,Sabah FK,Holstein Kiel,0.000,1500000.000,Tymoteusz Puchacz
362842,2026-06-30,25/26,210,506,Grêmio,Juventus,0.000,4000000.000,Arthur Melo
367992,2026-06-30,25/26,200,1025,Utrecht,Bologna,0.000,4000000.000,Jesper Karlsson
368887,2026-06-30,25/26,506,23826,Juventus,Leipzig,0.000,40000000.000,Loïs Openda
369567,2026-06-30,25/26,413,543,LASK,Wolves,0.000,2000000.000,Sasa Kalajdzic
370846,2026-06-30,25/26,244,506,Marseille,Juventus,0.000,20000000.000,Timothy Weah
370998,2026-06-30,25/26,607,82,Venezia,Wolfsburg,0.000,1400000.000,Bartol Franjic
371000,2026-06-30,25/26,327,167,NK Osijek,Augsburg,0.000,750000.000,David Colina
371021,2026-06-30,25/26,6574,677,Sassuolo,Ipswich,0.000,7500000.000,Arijanet Murić
371141,2026-06-30,25/26,89,533,Union Berlin,Hoffenheim,0.000,2000000.000,Stanley Nsoki
371371,2026-06-30,25/26,237,12,RCD Mallorca,Roma,0.000,4000000.000,Marash Kumbulla
371861,2026-06-30,25/26,2118,172,Wisla Plock,R Charleroi SC,0.000,700000.000,Zan Rogelj
372445,2026-06-30,25/26,45457,865,Pafos,Midtjylland,0.000,2500000.000,Dani Silva
372711,2026-06-30,25/26,6890,244,Basaksehir,Marseille,0.000,5000000.000,Amine Harit
373916,2026-06-30,25/26,371,189,Celtic,Boca Juniors,0.000,2000000.000,Marcelo Saracchi
375667,2026-06-30,25/26,1186,1083,Torpedo Moscow,Rostov,0.000,2000000.000,Daniil Utkin
377042,2026-06-30,25/26,1390,6195,Cagliari,Napoli,0.000,6000000.000,Michael Folorunsho
377641,2026-06-30,25/26,276,114,Hellas Verona,Besiktas,0.000,7000000.000,Moatasem Al-Musrati
377720,2026-06-30,25/26,235,1304,RKC Waalwijk,Heracles Almelo,0.000,450000.000,Daniël van Kaam
378316,2026-06-30,25/26,385,468,Fortuna Sittard,Sparta R.,0.000,800000.000,Lance Duijvestijn
380919,2026-06-30,25/26,2832,669,Gaziantep FK,Partizan,0.000,1200000.000,Nihad Mujakic
381349,2026-06-30,25/26,1434,468,Telstar,Sparta R.,0.000,500000.000,Nökkvi Thórisson
381469,2026-06-30,25/26,234,931,Feyenoord,Fulham,0.000,1000000.000,Steven Benda
381714,2026-06-30,25/26,932,232,Loko Moscow,Spartak Moscow,0.000,5000000.000,Danil Prutsev
385394,2026-06-30,25/26,1390,1047,Cagliari,Como,0.000,7000000.000,Alberto Dossena
386047,2026-06-30,25/26,379,631,West Ham,Chelsea,0.000,15000000.000,Axel Disasi
386455,2026-06-30,25/26,1005,430,Lecce,Fiorentina,0.000,3500000.000,Riccardo Sottil
387105,2026-06-30,25/26,1091,234,PAOK,Feyenoord,0.000,3000000.000,Luka Ivanušec
387191,2026-06-30,25/26,157,62,KAA Gent,Slavia Praha,0.000,1200000.000,Daiki Hashioka
388220,2026-06-30,25/26,65,317,Greuther Fürth,FC Twente,0.000,1300000.000,Sayfallah Ltaief
388363,2026-06-30,25/26,10,167,Arm. Bielefeld,Augsburg,0.000,1500000.000,Maximilian Bauer
390125,2026-06-30,25/26,3385,1091,Panserraikos,PAOK,0.000,800000.000,Lefteris Lyratzis
391065,2026-06-30,25/26,244,989,Marseille,Bournemouth,0.000,15000000.000,Hamed Traoré
392085,2026-06-30,25/26,410,141,Udinese,Galatasaray,0.000,13000000.000,Nicolò Zaniolo
392538,2026-06-30,25/26,1025,5,Bologna,AC Milan,0.000,9000000.000,Tommaso Pobega
392767,2026-06-30,25/26,290,720,AJ Auxerre,Porto,0.000,5000000.000,Danny Namaso
392770,2026-06-30,25/26,543,244,Wolves,Marseille,0.000,12000000.000,Angel Gomes
392881,2026-06-30,25/26,749,3522,FC Empoli,Spezia Calcio,0.000,900000.000,Antonio Candela
393217,2026-06-30,25/26,44006,589,Bodrum FK,Antalyaspor,0.000,275000.000,Mert Yılmaz
393321,2026-06-30,25/26,35,40058,St. Pauli,New York City,0.000,5000000.000,James Sands
393581,2026-06-30,25/26,4294,2423,Farense,Santa Clara,0.000,500000.000,Bruno Almeida
395122,2026-06-30,25/26,2497,4941,Real Oviedo,León,0.000,3000000.000,Santiago Colombatto
395234,2026-06-30,25/26,368,449,Sevilla FC,Trabzonspor,0.000,10000000.000,Batista Mendy
396638,2026-06-30,25/26,430,148,Fiorentina,Tottenham,0.000,9000000.000,Manor Solomon
397225,2026-06-30,25/26,410,6195,Udinese,Napoli,0.000,5000000.000,Alessandro Zanoli
398163,2026-06-30,25/26,1531,419,Elche CF,Dinamo Zagreb,0.000,1800000.000,Gonzalo Villar
398808,2026-06-30,25/26,605,16795,Aris Saloniki,Granada CF,0.000,1200000.000,Martin Hongla
400489,2026-06-30,25/26,6195,23826,Napoli,Leipzig,0.000,14000000.000,Eljif Elmas
400680,2026-06-30,25/26,172,347,R Charleroi SC,FC Metz,0.000,1500000.000,Kevin Van Den Kerkhof
401173,2026-06-30,25/26,405,985,Aston Villa,Man Utd,0.000,20000000.000,Jadon Sancho
401197,2026-06-30,25/26,75381,2293,Sebat Gençlik,Konyaspor,0.000,50000.000,Ahmet Daş
401356,2026-06-30,25/26,36,379,Fenerbahçe,West Ham,0.000,18000000.000,Edson Álvarez
401598,2026-06-30,25/26,2727,452,OH Leuven,Young Boys,0.000,3000000.000,Lukasz Lakomy
401706,2026-06-30,25/26,2698,41231,Rubin Kazan,FK Sochi,0.000,1800000.000,Ignacio Saavedra
401922,2026-06-30,25/26,931,5,Fulham,AC Milan,0.000,15000000.000,Samuel Chukwueze
402010,2026-06-30,25/26,820,2410,Genclerbirligi,CSKA Moscow,0.000,3000000.000,Sékou Koïta
404912,2026-06-30,25/26,11127,49702,Ural,Pari NN,0.000,350000.000,Vladislav Karapuzov
405385,2026-06-30,25/26,86,180,Werder Bremen,Southampton,0.000,7500000.000,Yukinari Sugawara
405399,2026-06-30,25/26,2832,449,Gaziantep FK,Trabzonspor,0.000,2500000.000,Denis Drăguș
405670,2026-06-30,25/26,18,1047,Mönchengladbach,Como,0.000,6000000.000,Yannik Engelhardt
405686,2026-06-30,25/26,738,1421,Le Havre AC,Stade Reims,0.000,1800000.000,Reda Khadra
405687,2026-06-30,25/26,3,39,1.FC Köln,Mainz,0.000,4500000.000,Tom Krauß
405892,2026-06-30,25/26,1304,317,Heracles Almelo,FC Twente,0.000,800000.000,Alec Van Hoorenbeeck
407098,2026-06-30,25/26,3,82,1.FC Köln,Wolfsburg,0.000,12000000.000,Jakub Kaminski
407491,2026-06-30,25/26,3060,1091,Atromitos,PAOK,0.000,700000.000,Luka Gugeshashvili
407745,2026-06-30,25/26,42,371,Hannover 96,Celtic,0.000,2000000.000,Maik Nawrocki
409344,2026-06-30,25/26,4172,234,Pisa,Feyenoord,0.000,6000000.000,Calvin Stengs
410158,2026-06-30,25/26,10484,36,Kasimpasa,Fenerbahçe,0.000,2500000.000,Rodrigo Becão
412649,2026-06-30,25/26,4097,1047,Catanzaro,Como,0.000,800000.000,Tommaso Cassandro
412937,2026-06-30,25/26,468,1132,Sparta R.,Burnley,0.000,1500000.000,Shurandy Sambo
412943,2026-06-30,25/26,1435,22,Go Ahead Eagles,Derby,0.000,900000.000,Kenzo Goudmijn
412954,2026-06-30,25/26,1283,370,FC Emmen,Aberdeen FC,0.000,300000.000,Vicente Besuijen
414908,2026-06-30,25/26,10004,543,Paris FC,Wolves,0.000,12000000.000,Marshall Munetsi
415383,2026-06-30,25/26,1420,826,Angers SCO,Lens,0.000,3000000.000,Hervé Koffi
416660,2026-06-30,25/26,317,234,FC Twente,Feyenoord,0.000,6000000.000,Ramiz Zerrouki
417346,2026-06-30,25/26,430,399,Fiorentina,Leeds,0.000,10000000.000,Jack Harrison
418553,2026-06-30,25/26,38,603,F. Düsseldorf,Cardiff,0.000,2500000.000,Jesper Daland
419061,2026-06-30,25/26,84122,338,Epicentr,Dynamo Kyiv,0.000,400000.000,Vladyslav Supryaga
419067,2026-06-30,25/26,347,338,FC Metz,Dynamo Kyiv,0.000,2500000.000,Giorgi Tsitaishvili
419648,2026-06-30,25/26,3709,197,Getafe,Sparta Prague,0.000,4500000.000,Veljko Birmancevic
420210,2026-06-30,25/26,289,23826,Sunderland,Leipzig,0.000,20000000.000,Lutsharel Geertruida
422281,2026-06-30,25/26,62,449,Slavia Praha,Trabzonspor,0.000,5000000.000,Muhammed Cham
422466,2026-06-30,25/26,265,1244,Panathinaikos,CD Leganés,0.000,2000000.000,Javi Hernández
422951,2026-06-30,25/26,276,141,Hellas Verona,Galatasaray,0.000,7500000.000,Victor Nelsson
424881,2026-06-30,25/26,2425,703,Rio Ave,Nott'm Forest,0.000,2000000.000,Omar Richards
425918,2026-06-30,25/26,720,11,Porto,Arsenal,0.000,27000000.000,Jakub Kiwior
427446,2026-06-30,25/26,1241,4772,Livingston FC,NK Olimpija,0.000,600000.000,Alex Tamm
427568,2026-06-30,25/26,762,180,Newcastle,Southampton,0.000,12000000.000,Aaron Ramsdale
428996,2026-06-30,25/26,62534,96207,North District,Fluminense U23,0.000,,Samuel Granada
430280,2026-06-30,25/26,130,607,Parma,Venezia,0.000,7000000.000,Hans Nicolussi Caviglia
430488,2026-06-30,25/26,71985,279,Akron Tolyatti,Ferencváros,0.000,1800000.000,Edgar Sevikyan
432982,2026-06-30,25/26,124,82,Rangers,Wolfsburg,0.000,8000000.000,Andreas Skov Olsen
433105,2026-06-30,25/26,820,126,Genclerbirligi,C. Rizespor,0.000,1500000.000,Dal Varesanovic
433181,2026-06-30,25/26,416,749,Torino,FC Empoli,0.000,5000000.000,Tino Anjorin
433257,2026-06-30,25/26,1416,3302,Amiens SC,UD Almería,0.000,700000.000,Arvin Appiah
433584,2026-06-30,25/26,2239,6195,Cremonese,Napoli,0.000,2200000.000,Alessio Zerbin
437852,2026-06-30,25/26,8445,43,Wellington,Heart of Midl.,0.000,400000.000,Sander Kartum
441216,2026-06-30,25/26,1269,202,PEC Zwolle,FC Groningen,0.000,700000.000,Thijs Oosting
441987,2026-06-30,25/26,316,105,Grazer AK 1902,Darmstadt 98,0.000,600000.000,Leon Klassen
444211,2026-06-30,25/26,1028,180,Millwall,Southampton,0.000,5000000.000,Will Smallbone
447661,2026-06-30,25/26,405,506,Aston Villa,Juventus,0.000,20000000.000,Douglas Luiz
448705,2026-06-30,25/26,2036,16,Heidenheim,Dortmund,0.000,7000000.000,Diant Ramaj
449592,2026-06-30,25/26,86,26069,Werder Bremen,Al-Qadsiah,0.000,8000000.000,Cameron Puertas
449597,2026-06-30,25/26,86,399,Werder Bremen,Leeds,0.000,2200000.000,Isaac Schmidt
450211,2026-06-30,25/26,11141,124,Toronto,Rangers,0.000,4500000.000,José Cifuentes
451154,2026-06-30,25/26,380,749,Salernitana,FC Empoli,0.000,200000.000,Federico Brancolini
451642,2026-06-30,25/26,120,114,Kocaelispor,Besiktas,0.000,1500000.000,Can Keleş
452296,2026-06-30,25/26,475,6321,Sint-Truiden,Vancouver,0.000,1000000.000,Joedrick Pupe
452477,2026-06-30,25/26,371,60,Celtic,Freiburg,0.000,4000000.000,Junior Adamu
453864,2026-06-30,25/26,332,2698,Bari,Rubin Kazan,0.000,800000.000,Marvin Cuni
454386,2026-06-30,25/26,10484,130,Kasimpasa,Parma,0.000,2500000.000,Adrian Benedyczak
454567,2026-06-30,25/26,114,294,Besiktas,Benfica,0.000,25000000.000,Orkun Kökçü
456492,2026-06-30,25/26,23,2,E. Braunschweig,1.FC K'lautern,0.000,1000000.000,Faride Alidou
457673,2026-06-30,25/26,130,683,Parma,Olympiacos,0.000,7000000.000,Gabriel Strefezza
458588,2026-06-30,25/26,39722,126,Erzurumspor FK,C. Rizespor,0.000,700000.000,Benhur Keser
459128,2026-06-30,25/26,430,800,Fiorentina,Atalanta,0.000,7500000.000,Marco Brescianini
461843,2026-06-30,25/26,51663,3709,Atlanta,Getafe,0.000,1500000.000,Juan Berrocal
461903,2026-06-30,25/26,7179,8718,Tondela,Sport Recife,0.000,1500000.000,João Silva
462070,2026-06-30,25/26,2497,4941,Real Oviedo,León,0.000,3000000.000,Nicolás Fonseca
462772,2026-06-30,25/26,2832,114,Gaziantep FK,Besiktas,0.000,1800000.000,Tayyip Talha Sanuç
463666,2026-06-30,25/26,110302,455,Avs FS,FC Rapid 1923,0.000,600000.000,Antoine Baroan
465606,2026-06-30,25/26,126,141,C. Rizespor,Galatasaray,0.000,800000.000,Halil Dervişoğlu
465988,2026-06-30,25/26,4102,4172,Carpi,Pisa,0.000,225000.000,Elia Giani
466810,2026-06-30,25/26,162,131,Monaco,Barcelona,0.000,10000000.000,Ansu Fati
468066,2026-06-30,25/26,677,6195,Ipswich,Napoli,0.000,8000000.000,Jens Cajuste
468539,2026-06-30,25/26,180,27,Southampton,Bayern Munich,0.000,2000000.000,Daniel Peretz
469669,2026-06-30,25/26,71665,3709,Al-Okhdood,Getafe,0.000,2500000.000,Yvan Neyou
469685,2026-06-30,25/26,24575,10690,HNK Gorica,Zorya Lugansk,0.000,800000.000,Zan Trontelj
471690,2026-06-30,25/26,124,989,Rangers,Bournemouth,0.000,4000000.000,Max Aarons
471890,2026-06-30,25/26,187,269,1.FC Magdeburg,Holstein Kiel,0.000,1200000.000,Max Geschwill
474800,2026-06-30,25/26,244,826,Marseille,Lens,0.000,20000000.000,Facundo Medina
475413,2026-06-30,25/26,141,27,Galatasaray,Bayern Munich,0.000,15000000.000,Sacha Boey
478317,2026-06-30,25/26,979,336,Moreirense ,Sporting,0.000,4000000.000,Diogo Travassos
479638,2026-06-30,25/26,417,294,Nice,Benfica,0.000,4000000.000,Tiago Gouveia
480883,2026-06-30,25/26,3302,1244,UD Almería,CD Leganés,0.000,2000000.000,Miguel de la Fuente
481675,2026-06-30,25/26,989,398,Bournemouth,Lazio,0.000,10000000.000,Christos Mandas
482102,2026-06-30,25/26,5776,7945,FC Fredericia,Sirius,0.000,600000.000,Andreas Pyndt
485584,2026-06-30,25/26,383,12,PSV,Roma,0.000,12000000.000,Anass Salah-Eddine
485747,2026-06-30,25/26,129,2036,Dynamo Dresden,Heidenheim,0.000,600000.000,Thomas Keller
485965,2026-06-30,25/26,995,82,FC Nantes,Wolfsburg,0.000,3000000.000,Nicolas Cozza
486031,2026-06-30,25/26,13,506,Atlético,Juventus,0.000,24000000.000,Nico González
486604,2026-06-30,25/26,610,31,Ajax,Liverpool,0.000,5000000.000,Vitezslav Jaros
486814,2026-06-30,25/26,1467,5026,Göztepe,Lommel SK,0.000,3500000.000,Filip Krastev
487843,2026-06-30,25/26,252,5,Genoa,AC Milan,0.000,6000000.000,Lorenzo Colombo
487969,2026-06-30,25/26,148,583,Tottenham,PSG,0.000,22000000.000,Randal Kolo Muani
488052,2026-06-30,25/26,332,1047,Bari,Como,0.000,1200000.000,Matthias Braunöder
491296,2026-06-30,25/26,265,826,Panathinaikos,Lens,0.000,8000000.000,Anass Zaroury
491587,2026-06-30,25/26,9875,221,Libertad,Santos,0.000,2000000.000,Alexis Duarte
492955,2026-06-30,25/26,126,2441,C. Rizespor,AEK Athens,0.000,2500000.000,Frantzdy Pierrot
493513,2026-06-30,25/26,86,11,Werder Bremen,Arsenal,0.000,3000000.000,Karl Hein
495625,2026-06-30,25/26,1531,2687,Elche CF,Cádiz CF,0.000,4000000.000,Víctor Chust
495722,2026-06-30,25/26,114,12,Besiktas,Roma,0.000,1500000.000,Devis Vásquez
496745,2026-06-30,25/26,506,1025,Juventus,Bologna,0.000,13000000.000,Emil Holm
496873,2026-06-30,25/26,3892,1435,FC Eindhoven,Go Ahead Eagles,0.000,300000.000,Xander Blomme
498237,2026-06-30,25/26,2497,703,Real Oviedo,Nott'm Forest,0.000,8000000.000,David Carmo
500274,2026-06-30,25/26,38322,1304,Bra,Heracles Almelo,0.000,175000.000,Lorenzo Milani
500689,2026-06-30,25/26,873,405,Crystal Palace,Aston Villa,0.000,28000000.000,Evann Guessand
501049,2026-06-30,25/26,1304,35,Heracles Almelo,St. Pauli,0.000,500000.000,Erik Ahlstrand
501418,2026-06-30,25/26,1531,368,Elche CF,Sevilla FC,0.000,3000000.000,Adrià Pedrosa
501709,2026-06-30,25/26,527,290,Lausanne-Sport,AJ Auxerre,0.000,1800000.000,Theo Bair
501767,2026-06-30,25/26,3690,1083,SKA Khabarovsk,Rostov,0.000,100000.000,Aleksandr Mukhin
503640,2026-06-30,25/26,385,234,Fortuna Sittard,Feyenoord,0.000,1500000.000,Neraysho Kasanwirjo
503866,2026-06-30,25/26,41,273,Hamburg,Stade Rennais,0.000,5000000.000,Albert Grønbaek
503881,2026-06-30,25/26,6574,82,Sassuolo,Wolfsburg,0.000,7000000.000,Aster Vranckx
503991,2026-06-30,25/26,800,5,Atalanta,AC Milan,0.000,18000000.000,Yunus Musah
504852,2026-06-30,25/26,1066,16032,Nagoya Grampus,H. C. Sapporo,0.000,900000.000,Tomoki Takamine
505655,2026-06-30,25/26,3325,2423,Chaves,Santa Clara,0.000,600000.000,Henrique Pereira
507345,2026-06-30,25/26,2036,79,Heidenheim,Stuttgart,0.000,3000000.000,Leonidas Stergiou
507455,2026-06-30,25/26,172,452,R Charleroi SC,Young Boys,0.000,2000000.000,Lewin Blum
507486,2026-06-30,25/26,1025,430,Bologna,Fiorentina,0.000,8000000.000,Simon Sohm
508639,2026-06-30,25/26,1304,317,Heracles Almelo,FC Twente,0.000,1500000.000,Naci Ünüvar
510310,2026-06-30,25/26,197,610,Sparta Prague,Ajax,0.000,4000000.000,Sivert Mannsverk
512385,2026-06-30,25/26,609,989,Cruzeiro,Bournemouth,0.000,12000000.000,Luis Sinisterra
513245,2026-06-30,25/26,82,6195,Wolfsburg,Napoli,0.000,5000000.000,Jesper Lindstrøm
513970,2026-06-30,25/26,371,989,Celtic,Bournemouth,0.000,10000000.000,Julián Araujo
514623,2026-06-30,25/26,18303,322,FC Oleksandriya,Yverdon Sport,0.000,300000.000,Mauro Rodrigues
514895,2026-06-30,25/26,2778,4172,Nordsjaelland,Pisa,0.000,6000000.000,Alexander Lind
515624,2026-06-30,25/26,4,167,1.FC Nuremberg,Augsburg,0.000,1200000.000,Henri Koudossou
518644,2026-06-30,25/26,1049,399,Valencia,Leeds,0.000,8000000.000,Largie Ramazani
519731,2026-06-30,25/26,467,124,NEC Nijmegen,Rangers,0.000,2000000.000,Danilo
519879,2026-06-30,25/26,2423,15172,Santa Clara,Atlético-GO,0.000,400000.000,Guilherme Romão
520060,2026-06-30,25/26,41231,964,FK Sochi,Zenit S-Pb,0.000,2000000.000,Sergey Volkov
520064,2026-06-30,25/26,14589,3729,Orenburg,Arsenal Tula,0.000,300000.000,Tigran Avanesyan
521407,2026-06-30,25/26,1005,6195,Lecce,Napoli,0.000,2300000.000,Walid Cheddira
522681,2026-06-30,25/26,8970,1047,Frosinone,Como,0.000,500000.000,Ben Lhassine Kone
523907,2026-06-30,25/26,36999,53646,Sumgayit,Polissya,0.000,600000.000,Danylo Beskorovaynyi
524572,2026-06-30,25/26,85465,7378,Karpaty Lviv,Portimonense,0.000,700000.000,Paulo Vítor
524791,2026-06-30,25/26,2374,1186,Shinnik,Torpedo Moscow,0.000,400000.000,Artur Galoyan
524925,2026-06-30,25/26,126,969,C. Rizespor,Montpellier,0.000,2000000.000,Modibo Sagnan
525140,2026-06-30,25/26,1420,826,Angers SCO,Lens,0.000,2500000.000,Goduine Koyalipou
525438,2026-06-30,25/26,2497,13,Real Oviedo,Atlético,0.000,2000000.000,Horațiu Moldovan
525692,2026-06-30,25/26,23110,1124,Chelyabinsk,Fakel Voronezh,0.000,450000.000,Georgiy Gongadze
527026,2026-06-30,25/26,820,4294,Genclerbirligi,Farense,0.000,2500000.000,Ricardo Velho
527279,2026-06-30,25/26,4795,403,FC Ingolstadt,Willem II,0.000,400000.000,Emilio Kehrer
528892,2026-06-30,25/26,358,677,Charlton,Ipswich,0.000,4000000.000,Harry Clarke
529425,2026-06-30,25/26,2425,3508,Rio Ave,Zulte Waregem,0.000,400000.000,Ennio van der Gouw
531065,2026-06-30,26/27,290,1025,AJ Auxerre,Bologna,0.000,1800000.000,Oussama El Azzouzi
531712,2026-06-30,25/26,1426,468,VVV-Venlo,Sparta R.,0.000,300000.000,Youri Schoonderwaldt
536482,2026-06-30,25/26,3911,24,Stade Brestois,Frankfurt,0.000,6000000.000,Junior Dina Ebimbe
537598,2026-06-30,25/26,41,11,Hamburg,Arsenal,0.000,18000000.000,Fábio Vieira
537602,2026-06-30,25/26,1025,506,Bologna,Juventus,0.000,8500000.000,João Mário
538874,2026-06-30,25/26,720,417,Porto,Nice,0.000,10000000.000,Terem Moffi
538918,2026-06-30,25/26,1390,46,Cagliari,Inter,0.000,9000000.000,Sebastiano Esposito
538963,2026-06-30,25/26,988,1110,Oxford United,Huddersfield,0.000,700000.000,Ruben Roosken
538998,2026-06-30,25/26,738,289,Le Havre AC,Sunderland,0.000,2000000.000,Timothée Pembélé
539043,2026-06-30,25/26,238,371,Lech Poznan,Celtic,0.000,3500000.000,Luis Palma
539134,2026-06-30,25/26,398,800,Lazio,Atalanta,0.000,8000000.000,Daniel Maldini
540056,2026-06-30,25/26,41,660,Hamburg,Shakhtar D.,0.000,2500000.000,Giorgi Gocholeishvili
541628,2026-06-30,25/26,197,1132,Sparta Prague,Burnley,0.000,4000000.000,Oliver Sonne
542588,2026-06-30,25/26,3037,2919,Padova,Monza,0.000,450000.000,Alessandro Sorrentino
542654,2026-06-30,25/26,678,496,Aarhus GF,Malmö,0.000,650000.000,Sebastian Jørgensen
542697,2026-06-30,25/26,678,3,Aarhus GF,1.FC Köln,0.000,2000000.000,Rasmus Carstensen
543051,2026-06-30,25/26,2431,221,Estrela Amadora,Santos,0.000,1500000.000,Billal Brahimi
543103,2026-06-30,25/26,3268,3325,Casa Pia,Chaves,0.000,150000.000,Rodrigo Moura
543390,2026-06-30,25/26,19301,2502,CD Teruel,Castellón,0.000,100000.000,Mamadou Traoré
543727,2026-06-30,25/26,120,130,Kocaelispor,Parma,0.000,2500000.000,Botond Balogh
543771,2026-06-30,25/26,114,46,Besiktas,Inter,0.000,13000000.000,Kristjan Asllani
544148,2026-06-30,25/26,371,18,Celtic,Mönchengladbach,0.000,2500000.000,Tomas Cvancara
549012,2026-06-30,25/26,41231,16704,FK Sochi,Krasnodar,0.000,700000.000,Gustavo Furtado
550829,2026-06-30,25/26,383,15,PSV,Leverkusen,0.000,7000000.000,Matej Kovar
553229,2026-06-30,25/26,30120,265,Kifisia,Panathinaikos,0.000,200000.000,Miguel Tavares
554251,2026-06-30,25/26,30120,1095,Kifisia,Troyes,0.000,1500000.000,Yasser Larouci
554282,2026-06-30,25/26,798,122,Excelsior,Sturm Graz,0.000,750000.000,Szymon Wlodarczyk
554402,2026-06-30,25/26,47,60949,Iraklis,Volos NPS,0.000,250000.000,Stefanos Katsikas
554565,2026-06-30,25/26,1519,4529,Dundee United,Dunajska Streda,0.000,900000.000,Ivan Dolcek
555074,2026-06-30,25/26,9644,405,Raków,Aston Villa,0.000,1000000.000,Oliwier Zych
555076,2026-06-30,25/26,290,989,AJ Auxerre,Bournemouth,0.000,5000000.000,Romain Faivre
555135,2026-06-30,25/26,1083,964,Rostov,Zenit S-Pb,0.000,800000.000,Daniil Odoevskiy
555194,2026-06-30,25/26,2784,938,APOEL Nicosia,FC Thun,0.000,900000.000,Mathías Tomás
555820,2026-06-30,25/26,2239,410,Cremonese,Udinese,0.000,6000000.000,Martín Payero
555837,2026-06-30,25/26,1124,1083,Fakel Voronezh,Rostov,0.000,250000.000,Maksim Turishchev
556865,2026-06-30,25/26,829,290,Omonia Nicosia,AJ Auxerre,0.000,500000.000,Saad Agouzoul
557147,2026-06-30,25/26,897,714,Dep. La Coruña,Espanyol,0.000,1500000.000,José Gragera
557410,2026-06-30,25/26,366,200,Real Valladolid,Utrecht,0.000,1000000.000,Noah Ohio
557611,2026-06-30,25/26,1283,202,FC Emmen,FC Groningen,0.000,200000.000,Noam Emeran
557612,2026-06-30,25/26,290,667,AJ Auxerre,R. Strasbourg,0.000,4000000.000,Sékou Mara
562948,2026-06-30,25/26,157,39,KAA Gent,Mainz,0.000,3000000.000,Hyun-seok Hong
564968,2026-06-30,25/26,3349,2431,Feirense,Estrela Amadora,0.000,400000.000,Francisco Meixedo
565406,2026-06-30,25/26,2293,449,Konyaspor,Trabzonspor,0.000,4000000.000,Kazeem Olaigbe
565434,2026-06-30,25/26,724,172,FC Volendam,R Charleroi SC,0.000,550000.000,Anthony Descotte
565822,2026-06-30,25/26,405,31,Aston Villa,Liverpool,0.000,22000000.000,Harvey Elliott
567489,2026-06-30,25/26,2990,4294,Coimbra,Farense,0.000,200000.000,Cuba
567492,2026-06-30,25/26,4585,1091,Anag. Karditsas,PAOK,0.000,250000.000,Konstantinos Balomenos
568158,2026-06-30,25/26,2497,681,Real Oviedo,Real Sociedad,0.000,5000000.000,Javi López
568216,2026-06-30,25/26,120,1064,Kocaelispor,Maccabi Haifa,0.000,1500000.000,Show
568377,2026-06-30,25/26,1269,468,PEC Zwolle,Sparta R.,0.000,500000.000,Tijs Velthuis
569031,2026-06-30,25/26,269,533,Holstein Kiel,Hoffenheim,0.000,5000000.000,Umut Tohumcu
569033,2026-06-30,25/26,39,27,Mainz,Bayern Munich,0.000,3000000.000,Armindo Sieb
569457,2026-06-30,25/26,38,167,F. Düsseldorf,Augsburg,0.000,2000000.000,Tim Breithaupt
571149,2026-06-30,25/26,200,234,Utrecht,Feyenoord,0.000,7000000.000,Gjivai Zechiël
571299,2026-06-30,25/26,120,24,Kocaelispor,Frankfurt,0.000,2000000.000,Hrvoje Smolcic
572265,2026-06-30,25/26,703,6195,Nott'm Forest,Napoli,0.000,25000000.000,Lorenzo Lucca
574201,2026-06-30,25/26,23,18,E. Braunschweig,Mönchengladbach,0.000,1000000.000,Grant-Leon Ranos
574761,2026-06-30,25/26,4294,2423,Farense,Santa Clara,0.000,400000.000,Alysson
575610,2026-06-30,25/26,5724,903,Randers FC,Hibernian FC,0.000,2200000.000,Thibault Klidjé
575716,2026-06-30,25/26,979,720,Moreirense ,Porto,0.000,2000000.000,Vasco Sousa
576096,2026-06-30,25/26,1426,467,VVV-Venlo,NEC Nijmegen,0.000,100000.000,Yousri Sbai
576121,2026-06-30,25/26,7154,281,Radomiak,Man City,0.000,3000000.000,Josh Wilson-Esbrand
576566,2026-06-30,25/26,2832,126,Gaziantep FK,C. Rizespor,0.000,800000.000,Zafer Görgen
578419,2026-06-30,25/26,2497,4941,Real Oviedo,León,0.000,4000000.000,Federico Viñas
580560,2026-06-30,25/26,1108,681,Alavés,Real Sociedad,0.000,6000000.000,Jon Pacheco
581000,2026-06-30,25/26,7918,63007,AS Trencin,LNZ Cherkasy,0.000,400000.000,Eynel Soares
581326,2026-06-30,25/26,1108,999,Alavés,NK Istra,0.000,1500000.000,Ville Koski
581672,2026-06-30,25/26,4172,405,Pisa,Aston Villa,0.000,10000000.000,Samuel Iling-Junior
582078,2026-06-30,25/26,1150,989,Leyton Orient,Bournemouth,0.000,350000.000,Will Dennis
583917,2026-06-30,25/26,449,114,Trabzonspor,Besiktas,0.000,11000000.000,Ernest Muci
584254,2026-06-30,25/26,187,2036,1.FC Magdeburg,Heidenheim,0.000,1000000.000,Maximilian Breunig
585711,2026-06-30,25/26,601,403,KV Kortrijk,Willem II,0.000,700000.000,Boris Lambert
585958,2026-06-30,25/26,61,723,Servette FC,Almere City,0.000,600000.000,Junior Kadile
585959,2026-06-30,25/26,24,703,Frankfurt,Nott'm Forest,0.000,25000000.000,Arnaud Kalimuendo
586023,2026-06-30,25/26,1519,349,Dundee United,Barnsley,0.000,400000.000,Max Watters
587505,2026-06-30,25/26,1047,419,Como,Dinamo Zagreb,0.000,750000.000,Nikola Cavlina
588020,2026-06-30,25/26,45269,6890,E. Erokspor,Basaksehir,0.000,400000.000,Ömer Beyaz
588744,2026-06-30,25/26,1283,1435,FC Emmen,Go Ahead Eagles,0.000,250000.000,Luca Everink
589013,2026-06-30,25/26,2300,1075,Jagiellonia,Braga,0.000,1500000.000,Bartlomiej Wdowik
591193,2026-06-30,25/26,416,24,Torino,Frankfurt,0.000,3500000.000,Niels Nkounkou
591844,2026-06-30,25/26,1211,405,Port Vale,Aston Villa,0.000,1400000.000,Joe Gauci
592975,2026-06-30,25/26,6574,1003,Sassuolo,Leicester,0.000,2000000.000,Woyo Coulibaly
594991,2026-06-30,25/26,2832,1082,Gaziantep FK,Lille,0.000,4000000.000,Mohamed Bayo
595940,2026-06-30,25/26,1269,1090,PEC Zwolle,AZ Alkmaar,0.000,1800000.000,Zico Buurmeester
597104,2026-06-30,25/26,1304,23,Heracles Almelo,E. Braunschweig,0.000,650000.000,Walid Ould-Chikh
599224,2026-06-30,25/26,7160,338,Eyüpspor,Dynamo Kyiv,0.000,300000.000,Ángel Torres
599663,2026-06-30,25/26,2239,244,Cremonese,Marseille,0.000,5000000.000,Faris Moumbagna
602124,2026-06-30,25/26,1091,430,PAOK,Fiorentina,0.000,4500000.000,Alessandro Bianco
602781,2026-06-30,25/26,42,157,Hannover 96,KAA Gent,0.000,1700000.000,Daisuke Yokota
604359,2026-06-30,25/26,2832,167,Gaziantep FK,Augsburg,0.000,1500000.000,Yusuf Kabadayi
605110,2026-06-30,25/26,10484,141,Kasimpasa,Galatasaray,0.000,800000.000,Eyüp Aydın
606967,2026-06-30,25/26,475,152,Sint-Truiden,Samsunspor,0.000,2200000.000,Arbnor Muja
608382,2026-06-30,25/26,142,1108,Real Zaragoza,Alavés,0.000,200000.000,Adrián Rodríguez
608832,2026-06-30,25/26,29,60,Everton,Freiburg,0.000,16000000.000,Merlin Röhl
610083,2026-06-30,25/26,3368,621,Levante,Athletic Club,0.000,1800000.000,Unai Vencedor
610335,2026-06-30,25/26,4078,720,Montréal,Porto,0.000,5000000.000,Iván Jaime
610440,2026-06-30,25/26,443,687,Vejle BK,Molde FK,0.000,1000000.000,Valdemar Lund
610442,2026-06-30,25/26,6195,985,Napoli,Man Utd,0.000,45000000.000,Rasmus Højlund
610581,2026-06-30,25/26,1031,677,Luton,Ipswich,0.000,2000000.000,Ali Al-Hamadi
612758,2026-06-30,25/26,403,1435,Willem II,Go Ahead Eagles,0.000,750000.000,Calvin Twigt
613393,2026-06-30,25/26,130,607,Parma,Venezia,0.000,6000000.000,Gaetano Oristanio
614630,2026-06-30,25/26,2781,385,FC Petrzalka,Fortuna Sittard,0.000,25000.000,Onur Demir
614776,2026-06-30,25/26,5287,75231,Chernomorets N.,Dinamo Makhach.,0.000,275000.000,Anton Krachkovskiy
614987,2026-06-30,25/26,169,2425,Panionios,Rio Ave,0.000,100000.000,Georgios Okkas
615350,2026-06-30,25/26,3,1049,1.FC Köln,Valencia,0.000,3000000.000,Cenk Özkacar
615430,2026-06-30,25/26,20760,1467,Bandirma Spor,Göztepe,0.000,400000.000,Arda Özçimen
617755,2026-06-30,25/26,82,289,Wolfsburg,Sunderland,0.000,5000000.000,Jenson Seelt
618809,2026-06-30,25/26,3368,940,Levante,Celta de Vigo,0.000,6000000.000,Manu Sánchez
618813,2026-06-30,25/26,367,13,Rayo Vallecano,Atlético,0.000,2000000.000,Carlos Martín
618898,2026-06-30,25/26,23,533,E. Braunschweig,Hoffenheim,0.000,2000000.000,Erencan Yardımcı
620083,2026-06-30,25/26,39722,2293,Erzurumspor FK,Konyaspor,0.000,350000.000,Adem Eren Kabak
620313,2026-06-30,25/26,738,409,Le Havre AC,Salzburg,0.000,4000000.000,Lucas Gourna-Douath
620696,2026-06-30,25/26,1108,7009,Alavés,GAIS,0.000,1500000.000,Ibrahim Diabate
621436,2026-06-30,25/26,3725,232,Akhmat Grozny,Spartak Moscow,0.000,2800000.000,Daniil Khlusevich
622722,2026-06-30,25/26,257,80,FC St. Gallen,VfL Bochum,0.000,700000.000,Colin Kleine-Bekel
623072,2026-06-30,25/26,653,683,OFI Crete FC,Olympiacos,0.000,1000000.000,Nikolaos Athanasiou
623274,2026-06-30,25/26,41231,2410,FK Sochi,CSKA Moscow,0.000,1300000.000,Maksim Mukhin
623325,2026-06-30,25/26,294,660,Benfica,Shakhtar D.,0.000,28000000.000,Georgiy Sudakov
623773,2026-06-30,25/26,3,458,1.FC Köln,Palermo,0.000,4000000.000,Kristoffer Lund
624266,2026-06-30,25/26,10586,124,Aris Limassol,Rangers,0.000,900000.000,Ross McCausland
624920,2026-06-30,25/26,1322,53646,Jablonec,Polissya,0.000,400000.000,Béni Makouana
625014,2026-06-30,25/26,1049,621,Valencia,Athletic Club,0.000,15000000.000,Julen Agirrezabala
625206,2026-06-30,25/26,1075,26,Braga,Basel,0.000,4000000.000,Adrian Leon Barisic
626913,2026-06-30,25/26,398,380,Lazio,Salernitana,0.000,10000000.000,Boulaye Dia
627221,2026-06-30,25/26,982,720,Nacional,Porto,0.000,3000000.000,Gabriel Veron
628366,2026-06-30,25/26,1049,430,Valencia,Fiorentina,0.000,8000000.000,Lucas Beltrán
628473,2026-06-30,25/26,84122,7971,Epicentr,Hércules CF,0.000,250000.000,Carlos Rojas
629385,2026-06-30,25/26,6418,2424,Panetolikos,Gil Vicente,0.000,600000.000,Jorge Aguirre
630753,2026-06-30,25/26,1063,2844,Viborg FF,Norrköping,0.000,700000.000,Ísak Andri Sigurgeirsson
631007,2026-06-30,25/26,2239,5,Cremonese,AC Milan,0.000,4500000.000,Filippo Terracciano
631472,2026-06-30,25/26,2431,3302,Estrela Amadora,UD Almería,0.000,1000000.000,Bruno Langa
631927,2026-06-30,25/26,826,12,Lens,Roma,0.000,3000000.000,Saud Abdulhamid
632741,2026-06-30,25/26,3368,150,Levante,Real Betis,0.000,1400000.000,Iker Losada
633114,2026-06-30,25/26,171,979,Real Murcia,Moreirense ,0.000,200000.000,Joel Jorquera
633228,2026-06-30,25/26,899,349,Walsall,Barnsley,0.000,250000.000,Kacper Łopata
633306,2026-06-30,25/26,677,1047,Ipswich,Como,0.000,3000000.000,Iván Azón
633442,2026-06-30,25/26,518,2293,Sariyerspor,Konyaspor,0.000,350000.000,Metehan Mert
633668,2026-06-30,25/26,430,1025,Fiorentina,Bologna,0.000,10000000.000,Giovanni Fabbian
634430,2026-06-30,25/26,12567,1465,Eldense,Estoril,0.000,150000.000,Israel Salazar
635129,2026-06-30,25/26,991,8817,MK Dons,Ajax U21,0.000,250000.000,Charlie Setford
636096,2026-06-30,25/26,11596,3268,AD Alcorcón,Casa Pia,0.000,300000.000,Raúl Blanco
636697,2026-06-30,25/26,13241,8024,UD Ibiza,Arouca,0.000,500000.000,Arnau Solà
637545,2026-06-30,25/26,49702,16950,Pari NN,Zenit 2 S-Pb,0.000,450000.000,Ilya Kirsh
637803,2026-06-30,25/26,667,10330,R. Strasbourg,Benfica B,0.000,4000000.000,Rafael Luís
638269,2026-06-30,25/26,2521,1467,Alverca,Göztepe,0.000,1000000.000,Rhaldney
640026,2026-06-30,25/26,1269,1091,PEC Zwolle,PAOK,0.000,2000000.000,Shola Shoretire
640109,2026-06-30,25/26,3709,1041,Getafe,Lyon,0.000,6000000.000,Martín Satriano
641537,2026-06-30,25/26,252,12,Genoa,Roma,0.000,10000000.000,Tommaso Baldanzi
641989,2026-06-30,25/26,7160,9465,Eyüpspor,Petrolul,0.000,400000.000,Denis Radu
644244,2026-06-30,25/26,2672,265,Levadiakos,Panathinaikos,0.000,900000.000,Enis Cokaj
645774,2026-06-30,25/26,2036,60,Heidenheim,Freiburg,0.000,6000000.000,Eren Dinkçi
645932,2026-06-30,25/26,24245,6890,Ümraniyespor,Basaksehir,0.000,350000.000,Emre Kaplan
646698,2026-06-30,25/26,605,12321,Aris Saloniki,Girona,0.000,900000.000,Gabriel Misehouy
646710,2026-06-30,25/26,1219,12124,Chesterfield,Aston Villa U21,0.000,150000.000,Sil Swinkels
646733,2026-06-30,25/26,10484,1420,Kasimpasa,Angers SCO,0.000,1200000.000,Jim Allevinah
646734,2026-06-30,25/26,2521,1108,Alverca,Alavés,0.000,500000.000,Tomás Mendes
646738,2026-06-30,25/26,142,180,Real Zaragoza,Southampton,0.000,2000000.000,Juan Larios
646739,2026-06-30,25/26,200,10331,Utrecht,FC Porto B,0.000,3000000.000,Ángel Alarcón
646747,2026-06-30,25/26,416,294,Torino,Benfica,0.000,2000000.000,Rafel Obrador
648032,2026-06-30,25/26,1010,410,Watford,Udinese,0.000,1500000.000,James Abankwah
648046,2026-06-30,25/26,12,1237,Roma,Brighton,0.000,25000000.000,Evan Ferguson
649016,2026-06-30,25/26,114,800,Besiktas,Atalanta,0.000,15000000.000,El Bilal Touré
649020,2026-06-30,25/26,347,543,FC Metz,Wolves,0.000,5000000.000,Boubacar Traoré
649022,2026-06-30,25/26,33,58,FC Schalke 04,RSC Anderlecht,0.000,3000000.000,Moussa Ndiaye
649030,2026-06-30,25/26,48726,338,Rukh Lviv,Dynamo Kyiv,0.000,300000.000,Samba Diallo
649035,2026-06-30,25/26,6418,678,Panetolikos,Aarhus GF,0.000,900000.000,Youssouph Badji
649317,2026-06-30,25/26,964,18544,Zenit S-Pb,Al-Nassr,0.000,32000000.000,Jhon Durán
649343,2026-06-30,25/26,41231,964,FK Sochi,Zenit S-Pb,0.000,900000.000,Dmitriy Vasiljev
649452,2026-06-30,25/26,1112,281,Wrexham,Man City,0.000,4000000.000,Issa Kaboré
650833,2026-06-30,25/26,2410,2350,CSKA Moscow,Millonarios,0.000,1200000.000,Daniel Ruiz
652061,2026-06-30,25/26,1041,197,Lyon,Sparta Prague,0.000,8000000.000,Adam Karabec
653266,2026-06-30,25/26,928,3725,Platense,Akhmat Grozny,0.000,800000.000,Mauro Luna Diale
653415,2026-06-30,25/26,2425,410,Rio Ave,Udinese,0.000,1500000.000,Leonardo Buta
654253,2026-06-30,25/26,3008,985,Hull City,Man Utd,0.000,5000000.000,Toby Collyer
654982,2026-06-30,25/26,79,1003,Stuttgart,Leicester,0.000,32000000.000,Bilal El Khannouss
655895,2026-06-30,25/26,6646,36,Karagümrük,Fenerbahçe,0.000,1500000.000,Bartuğ Elmaz
655912,2026-06-30,25/26,820,449,Genclerbirligi,Trabzonspor,0.000,2000000.000,Göktan Gürpüz
656130,2026-06-30,25/26,19657,369,Vendsyssel FF,Lyngby BK,0.000,50000.000,Adam Vendelbo
656441,2026-06-30,25/26,252,114,Genoa,Besiktas,0.000,1300000.000,Jean Onana
656681,2026-06-30,25/26,86,15,Werder Bremen,Leverkusen,0.000,5000000.000,Victor Boniface
656800,2026-06-30,25/26,1269,8817,PEC Zwolle,Ajax U21,0.000,1500000.000,Tristan Gooijer
658536,2026-06-30,25/26,162,289,Monaco,Sunderland,0.000,22000000.000,Simon Adingra
659513,2026-06-30,25/26,3911,667,Stade Brestois,R. Strasbourg,0.000,7000000.000,Soumaïla Coulibaly
659516,2026-06-30,25/26,2239,5,Cremonese,AC Milan,0.000,8500000.000,Warren Bondo
659542,2026-06-30,25/26,417,24,Nice,Frankfurt,0.000,12000000.000,Elye Wahi
659813,2026-06-30,25/26,11,15,Arsenal,Leverkusen,0.000,50000000.000,Piero Hincapié
660860,2026-06-30,25/26,10004,1237,Paris FC,Brighton,0.000,10000000.000,Diego Coppola
661243,2026-06-30,25/26,110302,7098,Avs FS,Nacional,0.000,250000.000,Diego Duarte
662131,2026-06-30,25/26,467,610,NEC Nijmegen,Ajax,0.000,5000000.000,Ahmetcan Kaplan
662261,2026-06-30,25/26,1050,6195,Villarreal,Napoli,0.000,12000000.000,Rafa Marín
662415,2026-06-30,25/26,12275,8024,Kolding IF,Arouca,0.000,300000.000,Vladislav Morozov
663244,2026-06-30,25/26,114,703,Besiktas,Nott'm Forest,0.000,12000000.000,Jota Silva
665541,2026-06-30,25/26,403,11368,Willem II,AZ Alkmaar U21,0.000,450000.000,Finn Stam
666268,2026-06-30,25/26,749,607,FC Empoli,Venezia,0.000,2300000.000,Daniel Fila
666547,2026-06-30,25/26,237,1390,RCD Mallorca,Cagliari,0.000,3500000.000,Zito Luvumbo
666616,2026-06-30,25/26,49702,16704,Pari NN,Krasnodar,0.000,2500000.000,Olakunle Olusegun
666943,2026-06-30,25/26,85465,338,Karpaty Lviv,Dynamo Kyiv,0.000,1000000.000,Valentyn Rubchynskyi
666974,2026-06-30,25/26,2239,273,Cremonese,Stade Rennais,0.000,6000000.000,Mikayil Faye
666977,2026-06-30,25/26,257,417,FC St. Gallen,Nice,0.000,1200000.000,Aliou Baldé
667251,2026-06-30,25/26,18,496,Mönchengladbach,Malmö,0.000,6000000.000,Hugo Bolin
667506,2026-06-30,25/26,511,2288,Dundee FC,Swansea,0.000,450000.000,Cameron Congreve
667517,2026-06-30,25/26,1003,273,Leicester,Stade Rennais,0.000,8000000.000,Jordan James
667640,2026-06-30,25/26,704,1005,Foggia,Lecce,0.000,150000.000,Alexandru Borbei
668276,2026-06-30,25/26,13222,1108,CD Mirandés,Alavés,0.000,1000000.000,Hugo Novoa
669000,2026-06-30,25/26,120,3524,Kocaelispor,Clermont Foot,0.000,1800000.000,Habib Keïta
670682,2026-06-30,25/26,1301,2420,Marítimo,Vit. Guimarães,0.000,450000.000,Marco Cruz
670710,2026-06-30,25/26,2521,10330,Alverca,Benfica B,0.000,3000000.000,André Gomes
670848,2026-06-30,25/26,512,9265,Stoke City,Man City U21,0.000,6000000.000,Divin Mubama
671108,2026-06-30,25/26,18,148,Mönchengladbach,Tottenham,0.000,5000000.000,Kota Takai
671649,2026-06-30,25/26,6297,621,Al-Gharafa,Athletic Club,0.000,4500000.000,Álvaro Djaló
671736,2026-06-30,25/26,1228,202,TOP Oss,FC Groningen,0.000,100000.000,Fofin Turay
671799,2026-06-30,25/26,458,410,Palermo,Udinese,0.000,1800000.000,Rui Modesto
671915,2026-06-30,25/26,294,405,Benfica,Aston Villa,0.000,15000000.000,Enzo Barrenechea
673432,2026-06-30,25/26,23,40058,E. Braunschweig,New York City,0.000,2200000.000,Jovan Mijatovic
674501,2026-06-30,25/26,1532,1091,Albacete,PAOK,0.000,800000.000,Jonathan Gómez
675857,2026-06-30,25/26,3205,197,Kayserispor,Sparta Prague,0.000,700000.000,Indrit Tuci
676411,2026-06-30,25/26,3268,276,Casa Pia,Hellas Verona,0.000,800000.000,Dailon Livramento
677057,2026-06-30,25/26,347,28971,FC Metz,Kolkheti Poti,0.000,1200000.000,Giorgi Abuashvili
677278,2026-06-30,25/26,2778,2524,Nordsjaelland,Al-Jazira,0.000,3200000.000,Ibrahim Adel
678606,2026-06-30,25/26,26985,4772,NK Bravo,NK Olimpija,0.000,350000.000,Admir Bristric
678655,2026-06-30,25/26,41,26,Hamburg,Basel,0.000,5000000.000,Philip Otele
679597,2026-06-30,25/26,468,2727,Sparta R.,OH Leuven,0.000,1500000.000,Casper Terho
682032,2026-06-30,25/26,3508,322,Zulte Waregem,Yverdon Sport,0.000,2200000.000,Marley Aké
682568,2026-06-30,25/26,1434,58,Telstar,RSC Anderlecht,0.000,1000000.000,Cedric Hatenboer
683538,2026-06-30,25/26,329,29831,Sliema Wander.,FCV Farul,0.000,150000.000,André Seruca
683828,2026-06-30,25/26,924,114,Istanbulspor,Besiktas,0.000,375000.000,Emrecan Uzunhan
684318,2026-06-30,25/26,403,80,Willem II,VfL Bochum,0.000,450000.000,Samuel Bamba
685329,2026-06-30,25/26,7160,126,Eyüpspor,C. Rizespor,0.000,350000.000,Anıl Yaşar
685887,2026-06-30,25/26,2118,6890,Wisla Plock,Basaksehir,0.000,600000.000,Matchoi Djaló
686862,2026-06-30,25/26,3725,49702,Akhmat Grozny,Pari NN,0.000,300000.000,Valeriy Tsarukyan
687923,2026-06-30,25/26,10694,71985,Gomel,Akron Tolyatti,0.000,600000.000,Kirill Danilin
692187,2026-06-30,25/26,4172,260,Pisa,FC Zürich,0.000,500000.000,Daniel Denoon
694509,2026-06-30,25/26,58,1108,RSC Anderlecht,Alavés,0.000,1500000.000,Moussa Diarra
694512,2026-06-30,25/26,2672,119,Levadiakos,M. Tel Aviv,0.000,600000.000,Hisham Layous
695121,2026-06-30,25/26,2424,1039,Gil Vicente,QPR,0.000,800000.000,Hevertton
695310,2026-06-30,25/26,53646,338,Polissya,Dynamo Kyiv,0.000,1300000.000,Maksym Bragaru
695512,2026-06-30,25/26,39797,44006,Cankaya SK,Bodrum FK,0.000,50000.000,Tunahan Akpınar
696028,2026-06-30,25/26,187,18,1.FC Magdeburg,Mönchengladbach,0.000,600000.000,Noah Pesch
696246,2026-06-30,25/26,30120,4467,Kifisia,TSV Hartberg,0.000,500000.000,Patrik Mijic
696693,2026-06-30,25/26,126,978,C. Rizespor,Vasco da Gama,0.000,1000000.000,Loide Augusto
696764,2026-06-30,25/26,3709,3008,Getafe,Hull City,0.000,3000000.000,Abu Kamara
697149,2026-06-30,25/26,6890,141,Basaksehir,Galatasaray,0.000,2000000.000,Kazımcan Karataş
697721,2026-06-30,25/26,23110,16704,Chelyabinsk,Krasnodar,0.000,200000.000,Daniil Golikov
697954,2026-06-30,25/26,2696,121,KS Samara,Dynamo Moscow,0.000,900000.000,Ivan Lepskiy
698546,2026-06-30,25/26,3522,41110,Spezia Calcio,Atalanta U23,0.000,5000000.000,Vanja Vlahović
698560,2026-06-30,25/26,2157,607,Blau Weiss Linz,Venezia,0.000,1600000.000,Cheick Condé
699980,2026-06-30,25/26,968,3008,KVC Westerlo,Hull City,0.000,2500000.000,Enis Destan
700078,2026-06-30,25/26,371,1158,Celtic,FC Lorient,0.000,2000000.000,Joel Mvuka
700106,2026-06-30,25/26,23826,1237,Leipzig,Brighton,0.000,28000000.000,Brajan Gruda
700182,2026-06-30,25/26,4603,333,AE Larisa,Lanús,0.000,600000.000,Facundo Pérez
700264,2026-06-30,25/26,66852,3211,Polatli 1926 SK,Batman Petrol,0.000,50000.000,Murat Sipahioğlu
700933,2026-06-30,25/26,2741,28022,Baltika,Cuiabá-MT,0.000,1500000.000,Derik Lacerda
701819,2026-06-30,25/26,12,276,Roma,Hellas Verona,0.000,8000000.000,Daniele Ghilardi
702911,2026-06-30,25/26,1244,3183,CD Leganés,SH Shenhua,0.000,1500000.000,Luis Asué
703007,2026-06-30,25/26,3899,3385,Anorthosis,Panserraikos,0.000,200000.000,Andreas Karamanolis
703240,2026-06-30,25/26,4255,6195,Arezzo,Napoli,0.000,200000.000,Gennaro Iaccarino
703772,2026-06-30,25/26,512,1435,Stoke City,Go Ahead Eagles,0.000,2000000.000,Milan Smit
704075,2026-06-30,25/26,403,317,Willem II,FC Twente,0.000,600000.000,Gijs Besselink
704122,2026-06-30,25/26,607,41101,Venezia,Juve Next Gen,0.000,750000.000,Alessandro Pietrelli
704155,2026-06-30,25/26,35,1132,St. Pauli,Burnley,0.000,5000000.000,Andréas Hountondji
704773,2026-06-30,25/26,306,610,Heerenveen,Ajax,0.000,400000.000,Amourricho van Axel Dongen
705808,2026-06-30,25/26,13241,3268,UD Ibiza,Casa Pia,0.000,300000.000,Max Svensson
707230,2026-06-30,25/26,3368,1082,Levante,Lille,0.000,3000000.000,Ugo Raghouber
707359,2026-06-30,25/26,11972,367,Villarreal CF B,Rayo Vallecano,0.000,300000.000,Etienne Eto'o
707546,2026-06-30,25/26,3901,3948,La Louvière,Union SG,0.000,150000.000,Cristian Makaté
707622,2026-06-30,25/26,44394,122322,KFC Houtvenne,Westerlo U21,0.000,,Sofiane Et-Taïbi
708086,2026-06-30,25/26,2239,398,Cremonese,Lazio,0.000,2500000.000,Romano Floriani Mussolini
708240,2026-06-30,25/26,48332,660,Kolos Kovalivka,Shakhtar D.,0.000,700000.000,Eduard Kozik
709215,2026-06-30,25/26,993,681,Córdoba CF,Real Sociedad,0.000,1500000.000,Mikel Goti
709372,2026-06-30,25/26,714,1050,Espanyol,Villarreal,0.000,25000000.000,Carlos Romero
709380,2026-06-30,25/26,2497,1050,Real Oviedo,Villarreal,0.000,800000.000,Álex Forés
709969,2026-06-30,25/26,367,1050,Rayo Vallecano,Villarreal,0.000,12000000.000,Ilias Akhomach
709971,2026-06-30,25/26,11422,366,CE Sabadell ,Real Valladolid,0.000,300000.000,Xavi Moreno
710004,2026-06-30,25/26,366,3709,Real Valladolid,Getafe,0.000,1500000.000,Peter Federico
710051,2026-06-30,25/26,7160,11282,Eyüpspor,Alanyaspor,0.000,150000.000,Bedirhan Özyurt
712857,2026-06-30,25/26,9526,932,Turan Tovuz,Loko Moscow,0.000,400000.000,Mark Mampassi
713644,2026-06-30,25/26,12,27,Roma,Bayern Munich,0.000,10000000.000,Bryan Zaragoza
713787,2026-06-30,25/26,197,826,Sparta Prague,Lens,0.000,3000000.000,Jhoanner Chávez
715359,2026-06-30,25/26,49702,121,Pari NN,Dynamo Moscow,0.000,400000.000,Egor Smelov
717392,2026-06-30,25/26,87883,660,FC Kudrivka,Shakhtar D.,0.000,350000.000,Anton Glushchenko
717413,2026-06-30,25/26,87883,660,FC Kudrivka,Shakhtar D.,0.000,200000.000,Oleg Pushkaryov
718195,2026-06-30,25/26,11972,1465,Villarreal CF B,Estoril,0.000,200000.000,Ismael Sierra
720799,2026-06-30,25/26,723,8817,Almere City,Ajax U21,0.000,650000.000,Julian Rijkhoff
723008,2026-06-30,25/26,798,200,Excelsior,Utrecht,0.000,900000.000,Miliano Jonathans
724099,2026-06-30,25/26,22408,6195,Team Altamura,Napoli,0.000,150000.000,Claudio Turi
724178,2026-06-30,25/26,4159,6195,Carrarese,Napoli,0.000,2000000.000,Luis Hasa
726014,2026-06-30,25/26,4000,338,Lechia Gdansk,Dynamo Kyiv,0.000,1200000.000,Maksym Dyachuk
726526,2026-06-30,25/26,6676,276,Asteras Aktor,Hellas Verona,0.000,900000.000,Stefan Mitrović
726701,2026-06-30,25/26,167,10949,Augsburg,Sporting B,0.000,4000000.000,Rodrigo Ribeiro
727077,2026-06-30,25/26,7160,141,Eyüpspor,Galatasaray,0.000,800000.000,Jankat Yılmaz
727152,2026-06-30,25/26,3209,7160,Pendikspor ,Eyüpspor,0.000,400000.000,Hamza Akman
727480,2026-06-30,25/26,1435,234,Go Ahead Eagles,Feyenoord,0.000,800000.000,Jaden Slory
728734,2026-06-30,25/26,466,148,Preston,Tottenham,0.000,4500000.000,Alfie Devine
728864,2026-06-30,25/26,1304,1090,Heracles Almelo,AZ Alkmaar,0.000,850000.000,Lequincio Zeefuik
729010,2026-06-30,25/26,1269,200,PEC Zwolle,Utrecht,0.000,900000.000,Tom de Graaff
729638,2026-06-30,25/26,3592,85465,Kryvbas,Karpaty Lviv,0.000,800000.000,Oleksandr Kemkin
731491,2026-06-30,25/26,130,46,Parma,Inter,0.000,900000.000,Franco Carboni
731525,2026-06-30,25/26,5587,1005,Juve Stabia,Lecce,0.000,600000.000,Rareș Burnete
731899,2026-06-30,25/26,7788,605,Académico Viseu,Aris Saloniki,0.000,1300000.000,Álvaro Zamora
733371,2026-06-30,25/26,39,593,Mainz,Kyoto Sanga,0.000,1500000.000,Sota Kawasaki
739442,2026-06-30,25/26,2432,979,Torreense,Moreirense ,0.000,300000.000,Guilherme Liberato
741090,2026-06-30,25/26,4159,506,Carrarese,Juventus,0.000,2000000.000,Jonas Rouhi
741142,2026-06-30,25/26,3709,2282,Getafe,Club Brugge,0.000,2500000.000,Zaid Romero
741257,2026-06-30,25/26,989,5,Bournemouth,AC Milan,0.000,22000000.000,Álex Jiménez
741292,2026-06-30,25/26,472,410,UD Las Palmas,Udinese,0.000,5000000.000,Iker Bravo
741587,2026-06-30,25/26,132,5026,NAC Breda,Lommel SK,0.000,800000.000,Juho Talvitie
742521,2026-06-30,25/26,337,12321,Birmingham,Girona,0.000,2500000.000,Jhon Solís
742858,2026-06-30,25/26,2741,18820,Baltika,Alianza FC,0.000,350000.000,Eduardo Anderson
743096,2026-06-30,25/26,924,449,Istanbulspor,Trabzonspor,0.000,200000.000,Ali Şahin Yılmaz
743376,2026-06-30,25/26,820,449,Genclerbirligi,Trabzonspor,0.000,2500000.000,Cihan Çanak
743395,2026-06-30,25/26,9010,15,FCV Dender EH,Leverkusen,0.000,1500000.000,Noah Mbamba
743597,2026-06-30,25/26,978,873,Vasco da Gama,Crystal Palace,0.000,9000000.000,Matheus França
743951,2026-06-30,25/26,2497,8793,Real Oviedo,RB Bragantino,0.000,4000000.000,Thiago Borbas
744728,2026-06-30,25/26,2036,27,Heidenheim,Bayern Munich,0.000,6000000.000,Arijon Ibrahimovic
744729,2026-06-30,25/26,4,27,1.FC Nuremberg,Bayern Munich,0.000,300000.000,Tarek Buchmann
745178,2026-06-30,25/26,520,162,Cercle Brugge,Monaco,0.000,2500000.000,Edan Diop
745284,2026-06-30,25/26,2696,932,KS Samara,Loko Moscow,0.000,3000000.000,Vadim Rakov
745461,2026-06-30,25/26,10004,1132,Paris FC,Burnley,0.000,4000000.000,Luca Koleosho
746740,2026-06-30,25/26,466,989,Preston,Bournemouth,0.000,4000000.000,Daniel Jebbison
746988,2026-06-30,25/26,235,9715,RKC Waalwijk,PSV U21,0.000,600000.000,Jesper Uneken
747017,2026-06-30,25/26,724,1090,FC Volendam,AZ Alkmaar,0.000,1500000.000,Dave Kwakman
747236,2026-06-30,25/26,3733,16704,Neftekhimik,Krasnodar,0.000,200000.000,Dmitriy Kuchugura
747598,2026-06-30,25/26,1211,9261,Port Vale,Everton U21,0.000,200000.000,Elijah Campbell
749552,2026-06-30,25/26,6574,1047,Sassuolo,Como,0.000,4500000.000,Alieu Fadera
752778,2026-06-30,25/26,443,687,Vejle BK,Molde FK,0.000,2500000.000,Mads Enggård
752862,2026-06-30,25/26,48332,660,Kolos Kovalivka,Shakhtar D.,0.000,100000.000,Tymur Puzankov
760493,2026-06-30,25/26,4529,1059,Dunajska Streda,Hammarby,0.000,2000000.000,Viktor Djukanovic
760508,2026-06-30,25/26,724,468,FC Volendam,Sparta R.,0.000,400000.000,Joel Ideho
765467,2026-06-30,25/26,367,2502,Rayo Vallecano,Castellón,0.000,2500000.000,Jozhua Vertrouwd
765743,2026-06-30,25/26,202,8817,FC Groningen,Ajax U21,0.000,4500000.000,Dies Janse
770407,2026-06-30,25/26,2972,738,Bourg-en-Bresse,Le Havre AC,0.000,300000.000,Elysée Logbo
775403,2026-06-30,25/26,1095,157,Troyes,KAA Gent,0.000,800000.000,Hugo Gambor
776890,2026-06-30,25/26,27,631,Bayern Munich,Chelsea,0.000,40000000.000,Nicolas Jackson
778540,2026-06-30,25/26,3268,1064,Casa Pia,Maccabi Haifa,0.000,800000.000,Xander Severina
779309,2026-06-30,25/26,3345,9010,Leixões,FCV Dender EH,0.000,175000.000,Abdoulaye Yahaya
781270,2026-06-30,25/26,306,1031,Heerenveen,Luton,0.000,2500000.000,Lasse Nordås
783396,2026-06-30,25/26,714,1050,Espanyol,Villarreal,0.000,3000000.000,Ramón Terrats
787232,2026-06-30,25/26,667,631,R. Strasbourg,Chelsea,0.000,5000000.000,David Datro Fofana
789419,2026-06-30,25/26,2972,417,Bourg-en-Bresse,Nice,0.000,200000.000,Teddy Boulhendi
790733,2026-06-30,25/26,35,4078,St. Pauli,Montréal,0.000,175000.000,Emil Gazdov
795274,2026-06-30,25/26,206,1090,Bröndby IF,AZ Alkmaar,0.000,3000000.000,Mayckel Lahdo
797572,2026-06-30,25/26,2431,159,Estrela Amadora,Red Star,0.000,2500000.000,Stefan Lekovic
798106,2026-06-30,25/26,10690,4250,Zorya Lugansk,Metropolitano,0.000,300000.000,Ruan Oliveira
798114,2026-06-30,25/26,1108,10870,Alavés,Fortaleza,0.000,2000000.000,Calebe
798664,2026-06-30,25/26,28098,1124,FC Kaluga,Fakel Voronezh,0.000,225000.000,Vyacheslav Dorovskikh
799899,2026-06-30,25/26,173,190,Odense BK,Copenhagen,0.000,1000000.000,Theo Sander
800015,2026-06-30,25/26,48726,2714,Rukh Lviv,Zimbru Chisinau,0.000,500000.000,Vlad Raileanu
800177,2026-06-30,25/26,156,2423,Levski Sofia,Santa Clara,0.000,750000.000,Rildo
800919,2026-06-30,25/26,1283,8815,FC Emmen,Bröndby IF U19,0.000,300000.000,Lukas Larsen
800946,2026-06-30,25/26,127,79,SC Paderborn,Stuttgart,0.000,7000000.000,Dennis Seimen
800948,2026-06-30,25/26,8023,58,Al-Ittihad,RSC Anderlecht,0.000,12000000.000,Jan-Carlo Simić
800976,2026-06-30,25/26,2293,383,Konyaspor,PSV,0.000,2500000.000,Adamo Nagalo
801031,2026-06-30,25/26,798,1090,Excelsior,AZ Alkmaar,0.000,400000.000,Lewis Schouten
801693,2026-06-30,25/26,2293,449,Konyaspor,Trabzonspor,0.000,800000.000,Arif Boşluk
802243,2026-06-30,25/26,1103,1005,Ternana,Lecce,0.000,125000.000,Ed McJannet
804264,2026-06-30,25/26,48726,85465,Rukh Lviv,Karpaty Lviv,0.000,800000.000,Igor Neves
807128,2026-06-30,25/26,3524,667,Clermont Foot,R. Strasbourg,0.000,3000000.000,Saïdou Sow
807165,2026-06-30,25/26,1158,244,FC Lorient,Marseille,0.000,4000000.000,Bamo Meïté
808445,2026-06-30,25/26,110302,210,Avs FS,Grêmio,0.000,800000.000,Adriel
808971,2026-06-30,25/26,26459,2740,Veres Rivne,Vorskla Poltava,0.000,400000.000,Denys Ndukve
809899,2026-06-30,25/26,443,660,Vejle BK,Shakhtar D.,0.000,600000.000,Luka Latsabidze
810096,2026-06-30,25/26,167,1075,Augsburg,Braga,0.000,5000000.000,Ismaël Gharbi
810909,2026-06-30,25/26,347,162,FC Metz,Monaco,0.000,2500000.000,Lucas Michal
812654,2026-06-30,25/26,749,417,FC Empoli,Nice,0.000,1800000.000,Rareș Ilie
813044,2026-06-30,25/26,2423,537,Santa Clara,Botafogo,0.000,1500000.000,Elias Manoel
813437,2026-06-30,25/26,1096,383,Royal Antwerp,PSV,0.000,2000000.000,Isaac Babadi
814446,2026-06-30,25/26,416,6195,Torino,Napoli,0.000,7500000.000,Luca Marianucci
814473,2026-06-30,25/26,2331,41101,Avellino,Juve Next Gen,0.000,600000.000,Giovanni Daffara
815014,2026-06-30,25/26,12382,10484,Amed SK,Kasimpasa,0.000,50000.000,Atakan Müjde
815652,2026-06-30,25/26,3268,1082,Casa Pia,Lille,0.000,2000000.000,Tiago Morais
816679,2026-06-30,25/26,45456,4331,KF Vora,Trapani,0.000,100000.000,Dario Daka
816974,2026-06-30,25/26,202,383,FC Groningen,PSV,0.000,1500000.000,Tygo Land
817673,2026-06-30,25/26,59024,121,Rodina Moscow,Dynamo Moscow,0.000,700000.000,Stanislav Bessmertniy
818247,2026-06-30,25/26,3275,1465,Lusitano Évora,Estoril,0.000,,Fran Pereira
818880,2026-06-30,25/26,1429,1025,Cesena,Bologna,0.000,1500000.000,Tommaso Corazza
818888,2026-06-30,25/26,8970,1025,Frosinone,Bologna,0.000,3000000.000,Antonio Raimondo
818898,2026-06-30,25/26,704,276,Foggia,Hellas Verona,0.000,300000.000,Federico Magro
819207,2026-06-30,25/26,22045,41119,Latina Calcio,Inter U23,0.000,250000.000,Daniele Quieto
819215,2026-06-30,25/26,26,16,Basel,Dortmund,0.000,7500000.000,Julien Duranville
820241,2026-06-30,25/26,41,180,Hamburg,Southampton,0.000,6000000.000,Damion Downs
820633,2026-06-30,25/26,4106,6195,Casertana,Napoli,0.000,200000.000,Coli Saco
822141,2026-06-30,25/26,2424,18074,Gil Vicente,Boston River,0.000,450000.000,Martín Fernández
825073,2026-06-30,25/26,48,86,Karlsruher SC,Werder Bremen,0.000,600000.000,Leon Opitz
829316,2026-06-30,25/26,44,27,Hertha BSC,Bayern Munich,0.000,3500000.000,Maurice Krattenmacher
829820,2026-06-30,25/26,4795,245,FC Ingolstadt,SC Freiburg II,0.000,450000.000,Yann Sturm
829838,2026-06-30,25/26,2036,533,Heidenheim,Hoffenheim,0.000,2000000.000,Hennes Behrens
830365,2026-06-30,25/26,6195,336,Napoli,Sporting,0.000,4000000.000,Alisson Santos
830452,2026-06-30,25/26,448,2420,Vojvodina,Vit. Guimarães,0.000,700000.000,Vando Félix
834397,2026-06-30,25/26,667,631,R. Strasbourg,Chelsea,0.000,15000000.000,Mike Penders
834463,2026-06-30,25/26,13222,1049,CD Mirandés,Valencia,0.000,500000.000,Iker Córdoba
834487,2026-06-30,25/26,12321,621,Girona,Athletic Club,0.000,3500000.000,Hugo Rincón
834742,2026-06-30,25/26,237,399,RCD Mallorca,Leeds,0.000,3500000.000,Mateo Joseph
837005,2026-06-30,25/26,87883,55686,FC Kudrivka,Metalist 1925,0.000,200000.000,Raymond Owusu
838236,2026-06-30,25/26,38,89,F. Düsseldorf,Union Berlin,0.000,2500000.000,Marin Ljubicic
840687,2026-06-30,25/26,979,289,Moreirense ,Sunderland,0.000,400000.000,Luís Semedo
840690,2026-06-30,25/26,68608,7378,Belenenses,Portimonense,0.000,,Dudá
843286,2026-06-30,25/26,4172,1234,Pisa,Independiente,0.000,8000000.000,Felipe Loyola
844516,2026-06-30,25/26,3709,58,Getafe,RSC Anderlecht,0.000,2500000.000,Luis Vázquez
845321,2026-06-30,25/26,1150,379,Leyton Orient,West Ham,0.000,1000000.000,Kaelan Casey
845566,2026-06-30,25/26,58,1025,RSC Anderlecht,Bologna,0.000,2500000.000,Mihajlo Ilić
845568,2026-06-30,25/26,2521,3302,Alverca,UD Almería,0.000,2000000.000,Marko Milovanović
845872,2026-06-30,25/26,466,667,Preston,R. Strasbourg,0.000,5000000.000,Milos Lukovic
847279,2026-06-30,25/26,520,1421,Cercle Brugge,Stade Reims,0.000,5000000.000,Oumar Diakité
848682,2026-06-30,25/26,23826,405,Leipzig,Aston Villa,0.000,6000000.000,Kosta Nedeljkovic
851551,2026-06-30,25/26,45457,36,Pafos,Fenerbahçe,0.000,3200000.000,Ognjen Mimović
854721,2026-06-30,25/26,2804,989,Barnet,Bournemouth,0.000,450000.000,Ben Winterburn
855134,2026-06-30,25/26,1416,86,Amiens SC,Werder Bremen,0.000,2500000.000,Skelly Alvero
856274,2026-06-30,25/26,504,28,Grasshoppers,FC Bayern II,0.000,4000000.000,Jonathan Asp Jensen
857818,2026-06-30,25/26,141,12321,Galatasaray,Girona,0.000,14000000.000,Yáser Asprilla
857830,2026-06-30,25/26,5358,237,SD Huesca,RCD Mallorca,0.000,600000.000,Daniel Luna
859218,2026-06-30,25/26,238,234,Lech Poznan,Feyenoord,0.000,1500000.000,Plamen Andreev
860096,2026-06-30,25/26,3592,26468,Kryvbas,Dep. La Guaira,0.000,200000.000,Carlos Rojas
860992,2026-06-30,25/26,276,430,Hellas Verona,Fiorentina,0.000,5000000.000,Nicolás Valentini
861981,2026-06-30,25/26,3368,252,Levante,Genoa,0.000,4000000.000,Alan Matturro
865281,2026-06-30,25/26,1434,723,Telstar,Almere City,0.000,1300000.000,Jochem Ritmeester van de Kamp
866247,2026-06-30,25/26,4159,430,Carrarese,Fiorentina,0.000,1200000.000,Tommaso Rubino
866328,2026-06-30,25/26,202,317,FC Groningen,FC Twente,0.000,3000000.000,Younes Taha
866579,2026-06-30,25/26,533,16,Hoffenheim,Dortmund,0.000,5000000.000,Cole Campbell
866651,2026-06-30,25/26,1191,39341,Falkirk,Leicester U21,0.000,50000.000,Henry Cartwright
869885,2026-06-30,25/26,1177,7945,Silkeborg IF,Sirius,0.000,600000.000,Adam Wikman
871193,2026-06-30,25/26,5776,865,FC Fredericia,Midtjylland,0.000,450000.000,Daníel Freyr Kristjánsson
873440,2026-06-30,25/26,45269,126,E. Erokspor,C. Rizespor,0.000,400000.000,Eray Korkmaz
873445,2026-06-30,25/26,2463,114,Sakaryaspor,Besiktas,0.000,450000.000,Emrecan Terzi
874902,2026-06-30,25/26,30204,12124,FC Annecy,Aston Villa U21,0.000,,Travis Patterson
875208,2026-06-30,25/26,355,371,Bolton,Celtic,0.000,600000.000,Johnny Kenny
875328,2026-06-30,25/26,28844,336,Al-Taawoun,Sporting,0.000,4500000.000,Biel
875332,2026-06-30,25/26,167,533,Augsburg,Hoffenheim,0.000,4000000.000,Arthur Chaves
875333,2026-06-30,25/26,2463,114,Sakaryaspor,Besiktas,0.000,50000.000,Göktuğ Baytekin
875334,2026-06-30,25/26,1390,114,Cagliari,Besiktas,0.000,10000000.000,Semih Kılıçsoy
875873,2026-06-30,25/26,12439,16704,Volga Uljanovsk,Krasnodar,0.000,300000.000,Mikhail Umnikov
876298,2026-06-30,25/26,416,1390,Torino,Cagliari,0.000,6000000.000,Matteo Prati
876400,2026-06-30,25/26,1038,410,Sampdoria,Udinese,0.000,5000000.000,Simone Pafundi
876719,2026-06-30,25/26,99693,74664,Yozgat B. Bozok,Igdir FK,0.000,,Yusuf İnci
879868,2026-06-30,25/26,20519,416,Virtus Entella,Torino,0.000,500000.000,Marco Dalla Vecchia
881297,2026-06-30,25/26,82,409,Wolfsburg,Salzburg,0.000,7500000.000,Adam Daghim
884810,2026-06-30,25/26,80,16,VfL Bochum,Dortmund,0.000,3500000.000,Kjell Wätjen
885228,2026-06-30,25/26,33734,1390,Monopoli ,Cagliari,0.000,400000.000,Alessandro Vinciguerra
885230,2026-06-30,25/26,4031,1390,Cosenza,Cagliari,0.000,400000.000,Nicola Pintus
886364,2026-06-30,25/26,44394,968,KFC Houtvenne,KVC Westerlo,0.000,50000.000,Zenzo De Boeck
887142,2026-06-30,25/26,39097,2740,Obolon,Vorskla Poltava,0.000,300000.000,Ivan Nesterenko
887433,2026-06-30,25/26,1032,12124,Reading,Aston Villa U21,0.000,200000.000,Kadan Young
887834,2026-06-30,25/26,979,1023,Moreirense ,Palmeiras,0.000,800000.000,Michel
890055,2026-06-30,25/26,5818,9054,Hobro IK,Midtjylland U19,0.000,25000.000,Gustav Bjerge
890719,2026-06-30,25/26,244,11,Marseille,Arsenal,0.000,40000000.000,Ethan Nwaneri
891835,2026-06-30,25/26,724,8817,FC Volendam,Ajax U21,0.000,900000.000,Nick Verschuren
891854,2026-06-30,25/26,1434,8817,Telstar,Ajax U21,0.000,700000.000,Gerald Alders
891923,2026-06-30,25/26,2687,12321,Cádiz CF,Girona,0.000,1000000.000,Dawda Camara
891971,2026-06-30,25/26,3268,1075,Casa Pia,Braga,0.000,1500000.000,João Marques
891987,2026-06-30,25/26,3209,7160,Pendikspor ,Eyüpspor,0.000,350000.000,Erdem Gökçe
892053,2026-06-30,25/26,87883,55686,FC Kudrivka,Metalist 1925,0.000,300000.000,Denys Nagnoynyi
892054,2026-06-30,25/26,36999,53646,Sumgayit,Polissya,0.000,350000.000,Emil Mustafayev
892101,2026-06-30,25/26,4553,41119,Pergolettese,Inter U23,0.000,500000.000,Mike Aidoo
892160,2026-06-30,25/26,41,148,Hamburg,Tottenham,0.000,60000000.000,Luka Vuskovic
893675,2026-06-30,25/26,190,430,Copenhagen,Fiorentina,0.000,4500000.000,Amir Richardson
895089,2026-06-30,25/26,1283,317,FC Emmen,FC Twente,0.000,200000.000,Juliën Mesbahi
895333,2026-06-30,25/26,4032,7078,Ponferradina,Valladolid Prom,0.000,150000.000,Koke Iglesias
895458,2026-06-30,25/26,13222,1108,CD Mirandés,Alavés,0.000,1000000.000,Adrián Pica
895937,2026-06-30,25/26,1390,800,Cagliari,Atalanta,0.000,25000000.000,Marco Palestra
896234,2026-06-30,25/26,2672,1286,Levadiakos,Newell's,0.000,800000.000,Guillermo Balzi
897402,2026-06-30,25/26,80,15,VfL Bochum,Leverkusen,0.000,3000000.000,Farid Alfa-Ruprecht
897425,2026-06-30,25/26,65,23826,Greuther Fürth,Leipzig,0.000,400000.000,Timo Schlieck
898119,2026-06-30,25/26,2696,2410,KS Samara,CSKA Moscow,0.000,900000.000,Artem Shumanskiy
898352,2026-06-30,25/26,3709,209,Getafe,River Plate,0.000,2800000.000,Sebastián Boselli
898356,2026-06-30,25/26,44223,2919,Giana Erminio,Monza,0.000,350000.000,Alessandro Berretta
898721,2026-06-30,25/26,2521,1075,Alverca,Braga,0.000,5000000.000,Chissumba
898885,2026-06-30,25/26,2984,653,AO Egaleo,OFI Crete FC,0.000,75000.000,Manolis Faitakis
899884,2026-06-30,25/26,67939,39097,Viktoriya,Obolon,0.000,150000.000,Oleksandr Chernov
902467,2026-06-30,25/26,28107,172,Lierse SK,R Charleroi SC,0.000,300000.000,Noam Mayoka-Tika
904342,2026-06-30,25/26,9023,5817,Thisted FC,Sönderjyske,0.000,,Gustav Wagner
904974,2026-06-30,25/26,42,28,Hannover 96,FC Bayern II,0.000,6000000.000,Noel Aseko
906160,2026-06-30,25/26,1010,410,Watford,Udinese,0.000,4500000.000,Saba Goglichidze
906774,2026-06-30,25/26,14589,964,Orenburg,Zenit S-Pb,0.000,1500000.000,Du Queiroz
907483,2026-06-30,25/26,968,102,KVC Westerlo,Stuttgart II,0.000,500000.000,Eliot Bujupi
908621,2026-06-30,25/26,2524,41231,Al-Jazira,FK Sochi,0.000,600000.000,Nabil Aberdin
910175,2026-06-30,25/26,968,124,KVC Westerlo,Rangers,0.000,500000.000,Clinton Nsiala
910192,2026-06-30,25/26,40604,20760,Arda Kardzhali,Bandirma Spor,0.000,600000.000,Wilson Samaké
911224,2026-06-30,25/26,3522,12,Spezia Calcio,Roma,0.000,500000.000,Alessandro Romano
911328,2026-06-30,25/26,995,1005,FC Nantes,Lecce,0.000,1500000.000,Mohamed Kaba
912703,2026-06-30,25/26,982,1214,Nacional,Cerro Porteño,0.000,800000.000,Alan Núñez
913263,2026-06-30,25/26,67241,16704,Kuban,Krasnodar,0.000,75000.000,Evgeniy Kovalevskiy
913495,2026-06-30,25/26,3508,122,Zulte Waregem,Sturm Graz,0.000,700000.000,Emran Soglo
916623,2026-06-30,25/26,475,58,Sint-Truiden,RSC Anderlecht,0.000,8000000.000,Keisuke Goto
916920,2026-06-30,25/26,6646,159,Karagümrük,Red Star,0.000,1500000.000,Shavy Babicka
917402,2026-06-30,25/26,3725,2410,Akhmat Grozny,CSKA Moscow,0.000,1000000.000,Dzhamalutdin Abdulkadyrov
917778,2026-06-30,25/26,3911,826,Stade Brestois,Lens,0.000,1800000.000,Rémy Labeau Lascary
917980,2026-06-30,25/26,3834,49702,Sokol Saratov,Pari NN,0.000,300000.000,Anton Mukhin
918957,2026-06-30,25/26,38322,398,Bra,Lazio,0.000,100000.000,Davide Renzetti
919515,2026-06-30,25/26,82,15,Wolfsburg,Leverkusen,0.000,12000000.000,Jeanuël Belocian
920138,2026-06-30,25/26,518,11282,Sariyerspor,Alanyaspor,0.000,100000.000,Mert Bayram
920939,2026-06-30,25/26,7042,1082,US Boulogne,Lille,0.000,600000.000,Vincent Burlet
921090,2026-06-30,25/26,2639,2420,Leiria,Vit. Guimarães,0.000,300000.000,Dieu-Merci Michel
921995,2026-06-30,25/26,9010,9262,FCV Dender EH,Fulham U21,0.000,1000000.000,Luc De Fougerolles
922892,2026-06-30,25/26,11282,17,Alanyaspor,B. Dortmund II,0.000,250000.000,Baran Moğultay
923129,2026-06-30,25/26,2671,2425,PAS Giannina,Rio Ave,0.000,200000.000,Antzelo Sina
923758,2026-06-30,25/26,1080,415,Stade Lavallois,Toulouse,0.000,300000.000,Ylies Aradj
923915,2026-06-30,25/26,648,12321,CD Tenerife,Girona,0.000,500000.000,Antal Yaakobishvili
924850,2026-06-30,25/26,1110,2288,Huddersfield,Swansea,0.000,400000.000,Bobby Wales
925199,2026-06-30,25/26,865,26,Midtjylland,Basel,0.000,1500000.000,Junior Zé
925401,2026-06-30,25/26,10690,338,Zorya Lugansk,Dynamo Kyiv,0.000,400000.000,Roman Salenko
925417,2026-06-30,25/26,1701,1465,Felgueiras,Estoril,0.000,500000.000,Tiago Parente
926491,2026-06-30,25/26,1434,11368,Telstar,AZ Alkmaar U21,0.000,400000.000,Sem van Duijn
926694,2026-06-30,25/26,244,23826,Marseille,Leipzig,0.000,28000000.000,Arthur Vermeeren
926991,2026-06-30,25/26,5776,9054,FC Fredericia,Midtjylland U19,0.000,400000.000,Jonatan Lindekilde
927933,2026-06-30,25/26,22249,1390,Cerignola,Cagliari,0.000,250000.000,Velizar-Iliya Iliev
929746,2026-06-30,25/26,22249,398,Cerignola,Lazio,0.000,225000.000,Leonardo Di Tommaso
929943,2026-06-30,25/26,80,15,VfL Bochum,Leverkusen,0.000,6000000.000,Francis Onyeka
930767,2026-06-30,25/26,332,41119,Bari,Inter U23,0.000,1500000.000,Giacomo De Pieri
931900,2026-06-30,25/26,2424,10330,Gil Vicente,Benfica B,0.000,2000000.000,Gustavo Varela
932733,2026-06-30,25/26,4326,430,AS Gubbio,Fiorentina,0.000,200000.000,Leonardo Baroncelli
932740,2026-06-30,25/26,3037,430,Padova,Fiorentina,0.000,1200000.000,Jonas Harder
933217,2026-06-30,25/26,279,24,Ferencváros,Frankfurt,0.000,1700000.000,Krisztián Lisztes
933884,2026-06-30,25/26,2425,683,Rio Ave,Olympiacos,0.000,500000.000,Antonis Papakanellos
934159,2026-06-30,25/26,1038,430,Sampdoria,Fiorentina,0.000,2000000.000,Tommaso Martinelli
934461,2026-06-30,25/26,4095,1047,Trento,Como,0.000,150000.000,Federico Chinetti
934863,2026-06-30,25/26,91510,252,Dolomiti ,Genoa,0.000,150000.000,Tommaso Pittino
935039,2026-06-30,25/26,87883,660,FC Kudrivka,Shakhtar D.,0.000,400000.000,Maryan Faryna
935053,2026-06-30,25/26,18303,660,FC Oleksandriya,Shakhtar D.,0.000,400000.000,Mykola Ogarkov
935095,2026-06-30,25/26,10690,338,Zorya Lugansk,Dynamo Kyiv,0.000,200000.000,Navin Malysh
935550,2026-06-30,25/26,2330,114,Karsiyaka,Besiktas,0.000,50000.000,Arda Kılıç
936183,2026-06-30,25/26,4095,276,Trento,Hellas Verona,0.000,700000.000,Christian Corradi
936571,2026-06-30,25/26,642,1304,De Graafschap,Heracles Almelo,0.000,350000.000,Stijn Bultman
936605,2026-06-30,25/26,235,18026,RKC Waalwijk,FC Twente U21,0.000,175000.000,Harrie Kuster
936684,2026-06-30,25/26,46337,607,Pineto,Venezia,0.000,400000.000,Saad El Haddad
936874,2026-06-30,25/26,29,631,Everton,Chelsea,0.000,22000000.000,Tyrique George
937342,2026-06-30,25/26,4103,41119,Lumezzane,Inter U23,0.000,200000.000,Matteo Motta
937713,2026-06-30,25/26,69,28,SSV Ulm 1846,FC Bayern II,0.000,500000.000,Max Schmitt
937955,2026-06-30,25/26,1531,131,Elche CF,Barcelona,0.000,12000000.000,Héctor Fort
941869,2026-06-30,25/26,8024,276,Arouca,Hellas Verona,0.000,900000.000,Yellu Santiago
942475,2026-06-30,25/26,10690,18820,Zorya Lugansk,Alianza FC,0.000,200000.000,Reynaldiño Verley
942497,2026-06-30,25/26,3,9265,1.FC Köln,Man City U21,0.000,6000000.000,Jahmai Simpson-Pusey
942814,2026-06-30,25/26,1210,749,Livorno,FC Empoli,0.000,1200000.000,Lorenzo Tosto
942939,2026-06-30,25/26,107563,141,Yalova FK 77 SK,Galatasaray,0.000,50000.000,Ali Yeşilyurt
943795,2026-06-30,25/26,86,79,Werder Bremen,Stuttgart,0.000,7000000.000,Jovan Milosevic
944427,2026-06-30,25/26,3166,415,Pau FC,Toulouse,0.000,250000.000,Edhy Zuliani
948273,2026-06-30,25/26,3709,418,Getafe,Real Madrid,0.000,10000000.000,Mario Martín
949113,2026-06-30,25/26,415,667,Toulouse,R. Strasbourg,0.000,4000000.000,Pape Demba Diop
949480,2026-06-30,25/26,1269,8817,PEC Zwolle,Ajax U21,0.000,700000.000,Jan Faberski
950181,2026-06-30,25/26,7976,53646,Polonia Bytom,Polissya,0.000,400000.000,Matej Matic
950442,2026-06-30,25/26,1465,1017,Estoril,Hapoel Tel Aviv,0.000,200000.000,Or Israelov
951298,2026-06-30,25/26,37276,653,PAE Chania,OFI Crete FC,0.000,25000.000,Theodoros Fanourakis
951398,2026-06-30,25/26,1434,200,Telstar,Utrecht,0.000,500000.000,Neville Ogidi Nwankwo
951957,2026-06-30,25/26,708,24,Újpest FC,Frankfurt,0.000,350000.000,Noah Fenyő
954105,2026-06-30,25/26,984,12124,West Brom,Aston Villa U21,0.000,300000.000,Jamaldeen Jimoh-Aloba
